{"actions":[18,18,18,23,23,23,23,22,1],"cont_trajectory":[[-0.3594817139279269,-0.32796450493444423,-0.236834776824227,-0.3455209851143379,-0.6962205856683447,-0.3352337046677794,-1.0052880252792553,-0.6102987655871432,0.6817298164971046,-0.3562989447180545,-0.6189837434490759,0.37817752532350574,0.757887605284176,0.005018431323325947,-0.08120971845348814,-0.05328820952829751,0.5607902134780897,-0.03344894418468001,0.04221389633332865,-0.04034219362293259,-0.027673436654858503,-0.0001262326781954087,-0.1258837987258799,-0.04932647737956157,0.04758962597718356,-0.0904197195853401,-0.021196609167943716,-0.01818072990240822,-0.07678042917077156,0.01770223795306894,-0.016390408969459203,0.005619545820168386,-0.11709975664852462,-0.03841674439349549,-0.03808918712121517,-0.33553578522352534,0.12014626777766009,0.17488783042218548,-0.06132402107552862,0.20108823634888146,-0.3540058865726356,-0.3575517624121671,-0.3597915816463088,0.1675157632426541,0.16840969475276352,0.16936748777394509,0.1709113278800511,0.1725686451221373,0.17421880086619962],[-0.3594817139279269,-0.32796450493444423,-0.236834776824227,-0.3455209851143379,-0.6962205856683447,-0.3352337046677794,-1.0052880252792553,-0.6102987655871432,0.650350027512051,-0.32072315726449535,-0.30904442343807365,0.07177767601920212,0.5912063169434941,-0.23460841255836554,-0.08120971845348814,0.6424037874090108,0.5607902134780897,-0.03344894418468001,0.04221389633332865,-0.04034219362293259,0.16948060897845818,-0.0001262326781954087,-0.1258837987258799,-0.04932647737956157,0.04758962597718356,-0.0904197195853401,-0.021196609167943716,-0.01818072990240822,-0.07678042917077156,0.01770223795306894,-0.016390408969459203,0.005619545820168386,-0.11709975664852462,-0.03841674439349549,-0.03808918712121517,-0.33553578522352534,0.12014626777766009,0.17488783042218548,-0.06132402107552862,0.47374923877199493,-0.3540058865726356,-0.3575517624121671,-0.3597915816463088,0.1675157632426541,0.16840969475276352,0.16936748777394509,0.1709113278800511,0.1725686451221373,0.17421880086619962],[-0.3594817139279269,-0.32796450493444423,-0.236834776824227,-0.3455209851143379,-0.6962205856683447,-0.3352337046677794,-1.0052880252792553,-0.6102987655871432,0.712709813968541,-0.028091822323447924,-0.28552375840501687,0.8550784721366954,0.6766344018240739,-0.23460841255836554,-0.08120971845348814,0.6424037874090108,0.5607902134780897,-0.03344894418468001,0.04221389633332865,-0.04034219362293259,0.16948060897845818,-0.0001262326781954087,-0.1258837987258799,-0.04932647737956157,0.04758962597718356,-0.0904197195853401,-0.021196609167943716,-0.01818072990240822,-0.07678042917077156,0.01770223795306894,-0.016390408969459203,0.005619545820168386,-0.11709975664852462,-0.03841674439349549,-0.03808918712121517,-0.33553578522352534,0.09919118536692839,0.17488783042218548,-0.08984455772967234,0.5584497414256945,-0.318586669440001,-0.3575517624121671,-0.3597915816463088,0.1675157632426541,0.16840969475276352,0.16936748777394509,0.1709113278800511,0.1725686451221373,0.17421880086619962],[-0.3594817139279269,-0.32796450493444423,-0.236834776824227,-0.3455209851143379,-0.6962205856683447,-0.3352337046677794,-1.0052880252792553,-0.6102987655871432,0.5863264370725177,-0.05851500471647575,-0.3570042744584146,0.5999061860722682,0.5912063169434941,-0.23460841255836554,-0.08120971845348814,0.6424037874090108,0.5607902134780897,-0.03344894418468001,0.04221389633332865,-0.04034219362293259,0.16948060897845818,-0.0001262326781954087,-0.1258837987258799,-0.04932647737956157,0.04758962597718356,-0.0904197195853401,-0.021196609167943716,-0.01818072990240822,-0.07678042917077156,0.01770223795306894,-0.016390408969459203,0.005619545820168386,-0.11709975664852462,-0.03841674439349549,-0.03808918712121517,-0.33553578522352534,0.222261324741675,0.17488783042218548,-0.06132402107552862,0.47374923877199493,-0.027243215535575096,-0.3215832495885483,-0.3597915816463088,0.14237179259769844,0.16840969475276352,0.16936748777394509,0.1709113278800511,0.1725686451221373,0.17421880086619962],[-0.3594817139279269,-0.32796450493444423,-0.236834776824227,-0.3455209851143379,-0.6962205856683447,-0.3352337046677794,-1.0052880252792553,-0.6102987655871432,0.8909694329469616,-0.4677249661293185,-0.5631531030287377,0.8550784721366954,0.8100177371676757,-0.3438506323218947,1.1279781396096158,0.517927142197711,0.7762665277307305,-0.03344894418468001,0.04221389633332865,-0.04034219362293259,0.16948060897845818,-0.0001262326781954087,-0.1258837987258799,-0.04932647737956157,0.04758962597718356,-0.0904197195853401,-0.021196609167943716,-0.01818072990240822,-0.07678042917077156,0.01770223795306894,-0.40149749667858503,0.3147965182883405,0.9593092248301209,0.34100240415926086,-0.03808918712121517,-0.7052797498813165,0.222261324741675,0.17488783042218548,-0.1207741098176098,0.5584497414256945,-0.05753250440798747,-0.026721692420234602,-0.32359156746723294,0.2900434605518392,0.143232701409231,0.16936748777394509,0.1709113278800511,0.1725686451221373,0.17421880086619962],[-0.3594817139279269,-0.32796450493444423,-0.236834776824227,-0.3455209851143379,-0.6962205856683447,-0.3352337046677794,-1.0052880252792553,-0.6102987655871432,0.7356914480695992,-0.07389947212008502,-0.3031363772689206,0.9156876304510815,0.7177448594222398,-0.3438506323218947,1.1039048948900936,0.517927142197711,1.1692900185766808,-0.03344894418468001,0.04221389633332865,-0.04034219362293259,0.16948060897845818,-0.0001262326781954087,-0.1258837987258799,-0.04932647737956157,0.04758962597718356,-0.0904197195853401,-0.021196609167943716,-0.01818072990240822,-0.07678042917077156,0.01770223795306894,-0.43671532015725156,0.3147965182883405,0.914458850601844,0.4408213701000328,-0.03808918712121517,-0.8859869992827505,0.222261324741675,0.21272169497147844,-0.15485101970796342,0.5584497414256945,-0.46494151805354356,-0.057306306356844056,-0.026832215678068774,0.2900434605518392,0.29109831315403434,0.14415768309178262,0.1709113278800511,0.1725686451221373,0.17421880086619962],[-0.3594817139279269,-0.32796450493444423,-0.236834776824227,-0.3455209851143379,-0.6962205856683447,-0.3352337046677794,-1.0052880252792553,-0.6102987655871432,0.9617881953089146,0.2007403955171023,0.017289111531864007,0.755586226100785,0.9816381861477486,-0.3438506323218947,1.0311563961319323,0.517927142197711,1.1692900185766808,-0.03344894418468001,0.04221389633332865,-0.04034219362293259,0.16948060897845818,-0.0001262326781954087,-0.1258837987258799,-0.04932647737956157,0.04758962597718356,-0.0904197195853401,-0.021196609167943716,-0.01818072990240822,-0.07678042917077156,0.01770223795306894,-0.5518594633375845,0.3147965182883405,0.7799077279170133,0.6872713902845148,-0.03808918712121517,-1.0049707042208198,0.222261324741675,0.2622372906047199,-0.15485101970796342,0.5584497414256945,-0.07284926421687991,-0.4704269753144874,-0.057613678998392745,0.2900434605518392,0.29109831315403434,0.2922159973007956,0.20884878023935485,0.1725686451221373,0.17421880086619962],[-0.3594817139279269,-0.32796450493444423,-0.236834776824227,-0.3455209851143379,-0.6962205856683447,-0.3352337046677794,-1.0052880252792553,-0.6102987655871432,0.21629555387086002,-1.0185495872213093,-1.5345410299543745,0.37817752532350574,1.626462870037071,-0.3438506323218947,1.0311563961319323,0.517927142197711,1.1692900185766808,-0.03344894418468001,0.04221389633332865,-0.04034219362293259,0.16948060897845818,-0.0001262326781954087,-0.1258837987258799,-0.04932647737956157,0.04758962597718356,-0.0904197195853401,-0.021196609167943716,-0.01818072990240822,-0.07678042917077156,0.01770223795306894,-0.5518594633375845,0.3147965182883405,0.7799077279170133,0.6872713902845148,-0.03808918712121517,-1.0049707042208198,0.222261324741675,0.14101442557833316,-0.39124286859211943,0.5584497414256945,0.2005819034787874,-0.07277783902401651,-0.47339328454593693,0.2900434605518392,0.29109831315403434,0.2922159973007956,0.25849994785748687,0.21025274942780747,0.17421880086619962],[-0.3594817139279269,