{"actions":[2,12,12,12,17,22,21,22,23,22,22,22,22,22,21,7,3,2,1],"cont_trajectory":[[0.4443686888037049,-0.3361618367452425,-0.04272632167496841,0.3362236629620125,0.46069599110511655,0.3635628293101134,-0.264462097110673,-0.6102987655871432,-0.052726076772437465,-0.2336606519530517,-0.24391270868058204,0.005569918344287452,2.2956418417613262,0.005018431323325947,0.6290834987238371,0.6424037874090108,0.3303387120714857,0.9083579701724345,-0.2826247517297622,-0.5369391651844566,0.5138896843301747,0.274055093675279,0.32496280060410654,0.39979374468787776,-0.39300907736940477,-0.16553529203849385,-0.021196609167943716,-0.048892648572881704,0.672375280908921,0.9204424919596017,0.5092908805572659,-0.14430641661878707,0.6902069794604595,-0.03841674439349549,0.6152616983155341,0.16874452503040385,2.1768300307878707,0.049365813029782615,-0.39124286859211943,0.47374923877199493,-0.2319073293477365,-0.2336836780207654,-0.23512625468958057,-0.2348541643176924,-0.23448868318727206,-0.23405595822849506,0.045045635553968844,0.047543489684722315,0.049976784485718316],[0.4443686888037049,-0.3361618367452425,-0.04272632167496841,0.3362236629620125,0.46069599110511655,0.3635628293101134,-0.264462097110673,-0.6102987655871432,-0.1924830229904842,-0.4297475785836688,-0.38763681701057523,0.005569918344287452,0.47743507245347966,0.005018431323325947,0.6290834987238323,0.6424037874090108,0.3303387120714857,0.9083579701724351,-0.2826247517297622,-0.5369391651844566,0.5138896843301747,0.274055093675279,0.32496280060410637,0.3997937446878785,-0.3930090773694064,-0.16553529203849385,-0.021196609167943716,-0.04889264857288218,0.6723752809089206,0.9204424919596017,0.4610592829415415,-0.25222611274495343,0.7574825408028749,-0.03841674439349549,0.6152616983155341,0.1321220897585876,-0.027204445440797944,0.049365813029782615,-0.39124286859211943,0.47374923877199493,-0.2319073293477365,-0.2336836780207654,-0.23512625468958057,-0.2348541643176924,-0.23448868318727206,-0.23405595822849506,0.045045635553968844,0.047543489684722315,0.049976784485718316],[0.4443686888037049,-0.3361618367452425,-0.04272632167496841,0.3362236629620125,0.46069599110511655,0.3635628293101134,-0.264462097110673,-0.6102987655871432,-0.008631048895708007,-0.3743648264624079,-0.3209173475205499,0.038910289664990654,2.3827183828243896,0.005018431323325947,0.6290834987238323,0.6424037874090108,0.3303387120714857,0.9083579701724351,-0.2826247517297622,-0.5369391651844566,0.5138896843301747,0.274055093675279,0.32496280060410637,0.3997937446878785,-0.3930090773694064,-0.16553529203849385,-0.021196609167943716,-0.04889264857288218,0.6723752809089206,0.9204424919596017,0.3078710127422961,-0.6337176953396324,0.9593092248301209,-0.03841674439349549,0.6152616983155341,0.015785344635691992,0.033042405131802045,0.049365813029782615,-0.39124286859211943,0.47374923877199493,-0.42713127035725523,-0.2336836780207654,-0.23512625468958057,-0.009290127331212452,-0.23448868318727206,-0.23405595822849506,0.045045635553968844,0.047543489684722315,0.049976784485718316],[0.4443686888037049,-0.3361618367452425,-0.04272632167496841,0.3362236629620125,0.46069599110511655,0.3635628293101134,-0.264462097110673,-0.6102987655871432,0.03437470822670878,-0.32072315726449535,-0.23934480703324967,0.005569918344287452,-0.15572700913206178,0.005018431323325947,0.6031258466500964,0.6424037874090108,0.3303387120714857,0.9083579701724351,-0.2826247517297622,-0.5369391651844566,0.5138896843301747,0.274055093675279,0.32496280060410637,0.3997937446878785,-0.3930090773694064,-0.16553529203849385,-0.021196609167943716,-0.04889264857288218,0.6723752809089206,0.9204424919596017,0.26819496136155874,-0.5973540371181999,0.914458850601844,-0.03841674439349549,0.6152616983155341,-0.01435189079070676,0.033042405131802045,0.049365813029782615,-0.3429393968407767,0.47374923877199493,-0.37199225972125677,-0.4319157617523036,-0.23512625468958057,0.06299997454272181,-0.008628402886306761,-0.23405595822849506,0.045045635553968844,0.047543489684722315,0.049976784485718316],[0.4443686888037049,-0.3361618367452425,-0.04272632167496841,0.3362236629620125,0.46069599110511655,0.3635628293101134,-0.264462097110673,-0.6102987655871432,0.1575838408903403,-0.18508198190492234,-0.10702055449855087,0.1361704857284341,2.3827183828243896,0.005018431323325947,0.577066199610791,0.2755699749081123,0.3303387120714857,0.9083579701724351,-0.2826247517297622,-0.5369391651844566,0.5138896843301747,0.274055093675279,0.32496280060410637,0.3997937446878785,-0.3930090773694064,-0.16553529203849385,-0.021196609167943716,-0.04889264857288218,0.6723752809089206,0.9204424919596017,0.2275093241167926,-0.5620450729655544,0.8696084763735671,-0.03841674439349549,0.6152616983155341,-0.045258840226679135,0.07698958373958868,0.049365813029782615,-0.3429393968407767,0.2954133265798978,-0.318586669440001,-0.37582930030611555,-0.4346342042403139,0.06299997454272181,0.06375664080401687,-0.007901330701913888,0.045045635553968844,0.047543489684722315,0.049976784485718316],[0.4443686888037049,-0.3361618367452425,-0.04272632167496841,0.3362236629620125,0.46069599110511655,0.3635628293101134,-0.264462097110673,-0.6102987655871432,0.14762196713995943,-0.3743648264624079,-0.38146818136423816,0.16773123961553135,2.3827183828243896,0.005018431323325947,0.577066199610791,0.2755699749081123,0.3303387120714857,0.9083579701724351,-0.2826247517297622,-0.5369391651844566,0.5138896843301747,0.274055093675279,0.32496280060410637,0.3997937446878785,-0.3930090773694064,-0.16553529203849385,-0.021196609167943716,-0.04889264857288218,0.6723752809089206,0.9204424919596017,0.2275093241167926,-0.5620450729655544,0.8696084763735671,-0.03841674439349549,0.6152616983155341,-0.045258840226679135,0.222261324741675,-0.08175018922004612,-0.39124286859211943,0.2954133265798978,-0.18354245577479283,-0.3215832495885483,-0.3781867578428921,0.11573212549226441,0.06375664080401687,0.0645780471349801,0.045045635553968844,0.047543489684722315,0.049976784485718316],[0.4443686888037049,-0.3361618367452425,-0.04272632167496841,0.3362236629620125,0.46069599110511655,0.3635628293101134,-0.264462097110673,-0.6102987655871432,0.21629555387086002,-0.32072315726449535,-0.30904442343807365,0.07177767601920212,2.3827183828243896,0.005018431323325947,0.577066199610791,0.2755699749081123,0.3303387120714857,0.9083579701724351,-0.2826247517297622,-0.5369391651844566,0.5138896843301747,0.274055093675279,0.32496280060410637,0.3997937446878785,-0.3930090773694064,-0.16553529203849385,-0.021196609167943716,-0.04889264857288218,0.6723752809089206,0.9204424919596017,0.2275093241167926,-0.5620450729655544,0.8696084763735671,-0.03841674439349549,0.6152616983155341,-0.045258840226679135,0.222261324741675,-0.567969233264578,-0.39124286859211943,0.2954133265798978,-0.37199225972125677,-0.18470731755306782,-0.32359156746723294,0.2900434605518392,0.1165580472403203,0.0645780471349801,-0.08642935776622047,0.047543489684722315,0.049976784485718316],[0.4443686888037049,-0.3361618367452425,-0.04272632167496841,0.3362236629620125,0.46069599110511655,0.3635628293101134,-0.264462097110673,-0.6102987655871432,0.1969217070410169,-0.3562989447180545,-0.38146818136423816,0.19888989642117794,-0.2436017413899744,0.005018431323325947,0.3648185941452852,0.2755699749081123,0.3303387120714857,0.7712839577359497,-0.2826247517297622,-0.6197053271113769,0.20488787865508196,0.31862632155503734,0.38842381331994474,0.3279650058231711,-0.3536210147001718,-0.0232265503526692,0.24025186038619306,-0.04889264857288218,1.2079353887613948,0.8438245310298418,0.20992429241469257,-0.5854717361806041,0.7201072289459777,1.5010711532454357,0.669707605435263,-0.05861830524482899,0.222261324741675,0.1283372296433699,-0.39124286859211943,0.2954133265798978,-0.318586669440001,-0.37582930030611555,-0.18583467146332117,0.2900434605518392,0.29109831315403434,0.11744826579215048,-0.5739796527035204,-0.08305350757648847,0.049976784485718316],[0.4443686888037049,-0.3361618367452425,-0.04272632167496841,