{"actions":[1,1,1,5,1,5,5,1,25,22,25,22,22,22,25,25,1],"cont_trajectory":[[0.4443686888037049,-0.5509373439337868,0.4443449032463929,0.2900208815760469,0.03737036126915634,0.08404421571895629,0.19339350624469892,0.11348676821499683,-0.45859256201236026,-0.2516453373995456,0.115707097846564,0.1361704857284341,-0.46165684107763355,0.14346931359196183,-0.08120971845348814,0.6424037874090108,-0.18498495482729202,-0.03344894418468001,0.04221389633332865,-0.04034219362293259,-0.027673436654858503,-0.0001262326781954087,-0.1258837987258799,-0.04932647737956157,0.04758962597718356,-0.0904197195853401,-0.021196609167943716,-0.01818072990240822,-0.07678042917077156,0.01770223795306894,-0.016390408969459203,0.005619545820168386,-0.11709975664852462,-0.03841674439349549,-0.03808918712121517,0.07137584339432315,-0.21519038651161648,-0.567969233264578,-0.39124286859211943,0.20108823634888146,-0.24981286354632729,-0.2518277046790608,-0.25338706034247727,-0.2348541643176924,-0.23448868318727206,-0.23405595822849506,-0.5739796527035204,-0.5673479191956103,-0.5610630356772686],[0.4443686888037049,-0.5509373439337868,0.4443449032463929,0.2900208815760469,0.03737036126915634,0.08404421571895629,0.19339350624469892,0.11348676821499683,-0.3733483169595324,-0.39262394268481393,0.115707097846564,0.005569918344287452,-0.07628217853319111,0.14346931359196183,-0.08120971845348814,0.6424037874090108,0.08267376430390894,-0.03344894418468001,0.04221389633332865,-0.04034219362293259,-0.027673436654858503,-0.0001262326781954087,-0.1258837987258799,-0.04932647737956157,0.04758962597718356,-0.0904197195853401,-0.021196609167943716,-0.01818072990240822,-0.07678042917077156,0.01770223795306894,-0.016390408969459203,0.005619545820168386,-0.11709975664852462,-0.03841674439349549,-0.03808918712121517,-0.10004591002210741,-0.21519038651161648,-0.567969233264578,-0.39124286859211943,0.2954133265798978,-0.24981286354632729,-0.2518277046790608,-0.25338706034247727,-0.2348541643176924,-0.23448868318727206,-0.23405595822849506,-0.5739796527035204,-0.5673479191956103,-0.5610630356772686],[0.4443686888037049,-0.5509373439337868,0.4443449032463929,0.2900208815760469,0.03737036126915634,0.08404421571895629,0.19339350624469892,0.11348676821499683,-0.42956625508476365,-0.4677249661293185,0.115707097846564,0.005569918344287452,0.1890483760819749,0.14346931359196183,-0.08120971845348814,0.6424037874090108,0.08267376430390894,-0.03344894418468001,0.04221389633332865,-0.04034219362293259,-0.027673436654858503,-0.0001262326781954087,-0.1258837987258799,-0.04932647737956157,0.04758962597718356,-0.0904197195853401,-0.021196609167943716,-0.01818072990240822,-0.07678042917077156,0.01770223795306894,-0.016390408969459203,0.005619545820168386,-0.11709975664852462,-0.03841674439349549,-0.03808918712121517,-0.10004591002210741,-0.21519038651161648,-0.567969233264578,-0.39124286859211943,0.2954133265798978,-0.3901710169160384,-0.2518277046790608,-0.25338706034247727,-0.2348541643176924,-0.23448868318727206,-0.23405595822849506,-0.5739796527035204,-0.5673479191956103,-0.5610630356772686],[0.4443686888037049,-0.5509373439337868,0.4443449032463929,0.2900208815760469,0.03737036126915634,0.08404421571895629,0.19339350624469892,0.11348676821499683,-0.48828640208265145,-0.9135472880725422,0.115707097846564,0.005569918344287452,-0.07628217853319111,0.14346931359196183,0.3106781168476562,0.6424037874090108,0.33033865517402866,0.5568271360883945,-0.2826247517297622,-0.4748645437392661,-0.3501285407728301,-0.3005141080621574,-0.0839951492274544,0.18085821122173068,1.024950464401719,0.2353568995948952,-0.2826450787220809,0.0031162055840318766,0.4919816163551478,-1.0163292939247095,-0.2945708540173963,0.4343304687324096,-0.027399008191970834,0.44709858295688903,-0.03808918712121517,-0.44226430130334643,-0.21519038651161648,0.5073770806150688,-0.39124286859211943,0.8732915477186899,-0.46494151805354356,-0.3943110755196094,-0.25338706034247727,-0.2348541643176924,-0.23448868318727206,-0.23405595822849506,-0.5739796527035204,-0.5673479191956103,-0.5610630356772686],[0.4443686888037049,-0.5509373439337868,0.4443449032463929,0.2900208815760469,0.03737036126915634,0.08404421571895629,0.19339350624469892,0.11348676821499683,-0.45859256201236026,-0.5874378348928299,0.115707097846564,0.1361704857284341,-0.2436017413899744,0.021346980540595563,0.3106781168476562,0.6424037874090108,0.33033865517402866,0.5568271360883945,-0.2826247517297622,-0.4748645437392661,-0.3501285407728301,-0.3005141080621574,-0.0839951492274544,0.18085821122173068,1.024950464401719,0.2353568995948952,-0.2826450787220809,0.0031162055840318766,0.4919816163551478,-1.0163292939247095,-0.2945708540173963,0.4343304687324096,-0.027399008191970834,0.44709858295688903,-0.03808918712121517,-0.44226430130334643,-0.21519038651161648,-0.567969233264578,-0.39124286859211943,0.8732915477186899,-0.9088017599131394,-0.4704269753144874,-0.3967874858758744,-0.2348541643176924,-0.23448868318727206,-0.23405595822849506,0.5043109221176125,-0.5673479191956103,-0.5610630356772686],[0.4443686888037049,-0.5509373439337868,0.4443449032463929,0.2900208815760469,0.03737036126915634,0.08404421571895629,0.19339350624469892,0.11348676821499683,-0.42956625508476365,-0.7176178390697702,0.115707097846564,0.1361704857284341,-0.07628217853319111,0.021346980540595563,0.14555328111298524,0.6424037874090108,0.33033865517402866,0.5568271360883945,-0.2826247517297622,-0.4748645437392661,-0.3501285407728301,-0.3005141080621574,-0.0839951492274544,0.18085821122173068,1.024950464401719,0.2353568995948952,-0.2826450787220809,0.0031162055840318766,0.4919816163551478,-1.0163292939247095,-0.2945708540173963,0.27343223972798025,-0.07224938242024773,0.44709858295688903,-0.03808918712121517,-0.44226430130334643,-0.21519038651161648,0.5073770806150688,-0.39124286859211943,0.8732915477186899,-0.5841275261732651,-0.927184955262835,-0.47339328454593693,-0.2348541643176924,-0.23448868318727206,-0.23405595822849506,-0.5739796527035204,0.5037417815184518,-0.5610630356772686],[0.4443686888037049,-0.5509373439337868,0.4443449032463929,0.2900208815760469,0.03737036126915634,0.08404421571895629,0.19339350624469892,0.11348676821499683,-0.518696064573974,-1.0548174652580955,-0.3570042744584146,0.1361704857284341,-0.46165684107763355,0.021346980540595563,-0.023787960283915412,0.6424037874090108,0.33033865517402866,0.5568271360883945,-0.2826247517297622,-0.4748645437392661,-0.3501285407728301,-0.3005141080621574,-0.0839951492274544,0.18085821122173068,1.024950464401719,0.2353568995948952,-0.2826450787220809,0.0031162055840318766,0.4919816163551478,-1.0163292939247095,-0.2945708540173963,0.09905797141234965,-0.11709975664852462,0.44709858295688903,-0.03808918712121517,-0.44226430130334643,-0.21519038651161648,0.6474208750046986,-0.39124286859211943,0.8732915477186899,-0.7137346034667582,-0.5921366204099031,-0.9330910605317915,-0.2348541643176924,-0.23448868318727206,-0.23405595822849506,0.5043109221176125,-0.5673479191956103,0.5033175177841956],[0.4443686888037049,-0.5509373439337868,0.4443449032463929,0.2900208815760469,0.03737036126915634,0.08404421571895629,0.19339350624469892,0.11348676821499683,-0.683673169929176,-1.1722595954440946,-0.3938269556469361,0.1361704857284341,-0.46165684107763355,0.021346980540595563,-0.023787960283915412,0.6424037874090108,0.33033865517402866,0.5568271360883945,-0.2826247517297622,-0.4748645437392661,-0.3501285407728301,-0.3005141080621574,-0.0839951492274544,0.18085821122173,1.0249504644017182,0.2353568995948952,-0.2826450787220809,0.0031162055840318766,0.4919816163551475,-1.0163292939247095,-0.2945708540173963,0.09905797141234965,-0.11709975664852462,0.4470985829568888,-0.03808918712121517,-0.44226430130334643,-0.21519038651161648,-0.567969233264578,-0.39124286859211943,0.8732915477186899,-1.049450201964709,-0.7251506477414358,-0.5958862800108816,-0.2348541643176924,-0.23448868318727206,-0.23405595822849506,0.6447381515630908,0.5037417815184518,-0.5610630356772686],[0.4443686888037049,