{"actions":[5,5,7,7,7,10,10,15,15,10,7,7,7,7,7,2,2,2,1],"cont_trajectory":[[0.4443686888037049,-0.5787131858527857,-0.457157771718115,0.3589483216517819,-0.21663567987356688,0.3635628293101134,-0.018922174252025702,-0.6102987655871432,0.21629555387086002,0.145737529566929,0.017289111531864007,-0.20570560404748198,0.1890483760819749,-0.21407559499208684,0.03314090117861617,0.18906895776130106,0.33033865517402866,-0.03344894418468001,0.04221389633332865,-0.04034219362293259,-0.027673436654858503,-0.0001262326781954087,-0.1258837987258799,-0.04932647737956157,0.04758962597718356,-0.0904197195853401,-0.021196609167943716,-0.01818072990240822,-0.07678042917077156,0.01770223795306894,1.4871273822498143,0.005619545820168386,0.06230174026458296,-0.03841674439349549,-0.03808918712121517,0.9108359301354576,-0.21519038651161648,0.69657375777213,0.01399172925797749,-0.47550127393045616,0.1458211071211659,0.14778408527531345,0.14879672004933114,-0.2348541643176924,-0.23448868318727206,-0.23405595822849506,0.6940256132201559,0.6921895491786587,0.6905848765376483],[0.4443686888037049,-0.5787131858527857,-0.457157771718115,0.3589483216517819,-0.21663567987356688,0.3635628293101134,-0.018922174252025702,-0.6102987655871432,0.17735313350325016,-0.028091822323447924,0.09636642773823666,-0.20570560404748198,0.1890483760819749,-0.21407559499208684,-0.023787960283915412,0.18906895776130106,0.33033865517402866,-0.03344894418468001,0.04221389633332865,-0.04034219362293259,-0.027673436654858503,-0.0001262326781954087,-0.1258837987258799,-0.04932647737956157,0.04758962597718356,-0.0904197195853401,-0.021196609167943716,-0.01818072990240822,-0.07678042917077156,0.01770223795306894,1.0709476826383957,-0.018499142749739725,0.017451366036306065,-0.4036501446561924,-0.03808918712121517,0.5950590072773293,-0.21519038651161648,0.69657375777213,0.05812307628295244,-0.47550127393045616,0.1458211071211659,0.14778408527531345,0.14879672004933114,-0.2348541643176924,-0.23448868318727206,-0.23405595822849506,0.6940256132201559,0.6921895491786587,0.6905848765376483],[0.4443686888037049,-0.5787131858527857,-0.457157771718115,0.3589483216517819,-0.21663567987356688,0.3635628293101134,-0.018922174252025702,-0.6102987655871432,-0.1211050843132375,-1.377215127821444,-1.0480388939245964,-0.28109169012534657,0.4047186202648046,-0.21407559499208684,-0.08120971845348814,0.18906895776130106,0.08267376430390894,-0.9883294385676008,0.529471868427965,0.5183293993837819,-0.24971202475940693,-0.14107481542627148,-0.5011607020397852,-0.16922063102738225,-0.16451672711156307,-0.0904197195853401,-0.021196609167943716,0.2001768580315052,-0.36101729319326437,0.31288832884322204,0.5655505860800933,-0.04294602200652067,-0.027399008191970834,-0.4036501446561924,-0.03808918712121517,0.37344894414753294,-0.16767711737134225,-0.08175018922004612,0.20590203842561966,-0.34462510148629,-0.027243215535575096,0.14778408527531345,0.14879672004933114,-0.2348541643176924,-0.23448868318727206,-0.23405595822849506,0.6940256132201559,0.6921895491786587,0.6905848765376483],[0.4443686888037049,-0.5787131858527857,-0.457157771718115,0.3589483216517819,-0.21663567987356688,0.3635628293101134,-0.018922174252025702,-0.6102987655871432,0.013002959407345291,-0.22640417578322627,-0.23934480703324967,0.005569918344287452,0.06477473793293029,-0.21407559499208684,0.03314090117862114,0.18906895776130106,0.08267376430390894,-0.9883294385676008,0.529471868427965,0.5183293993837819,-0.24971202475940693,-0.14107481542627148,-0.5011607020397852,-0.16922063102738225,-0.16451672711156307,-0.0904197195853401,-0.021196609167943716,0.2001768580315052,-0.36101729319326437,0.31288832884322204,0.14672991182024012,0.05292302283573512,0.017451366036306065,-0.372040711937861,-0.03808918712121517,0.03191930327059994,-0.14426872014073133,-0.08175018922004612,0.43049419001097255,-0.22280853035561068,-1.3704289808123062,-0.026721692420234602,0.14879672004933114,-0.17784306690978594,-0.23448868318727206,-0.23405595822849506,-0.08642935776622047,0.6921895491786587,0.6905848765376483],[0.4443686888037049,-0.5787131858527857,-0.457157771718115,0.3589483216517819,-0.21663567987356688,0.3635628293101134,-0.018922174252025702,-0.6102987655871432,0.13760752303986262,-0.05851500471647575,-0.2622940658829284,0.1361704857284341,0.3014003329753308,-0.1939421187656844,0.1455532811129902,0.18906895776130106,0.08267376430390894,-0.9883294385676008,0.529471868427965,0.5183293993837819,-0.24971202475940693,-0.14107481542627148,-0.5011607020397852,-0.16922063102738225,-0.16451672711156307,-0.0904197195853401,-0.021196609167943716,0.20017685803150567,-0.36101729319326437,0.31288832884322204,-0.4531902647922866,0.1441069352104849,0.06230174026458296,-0.34150299427711595,-0.03808918712121517,-0.44743001614517497,-0.09812611181168272,-0.08175018922004612,0.2685948264410622,-0.10839590538228001,-0.22468278919068874,-1.4259164063206136,-0.026832215678068774,-0.14975536764545316,-0.1774027105612936,-0.23405595822849506,-0.08642935776622047,-0.08305350757648847,0.6905848765376483],[0.4443686888037049,-0.5787131858527857,-0.457157771718115,0.3589483216517819,-0.21663567987356688,0.3635628293101134,-0.018922174252025702,-0.6102987655871432,0.13760752303986262,-0.6083354413273857,-0.4569628887282189,0.19888989642117794,0.4047186202648046,-0.1939421187656844,0.14555328111298524,0.18906895776130106,0.08267376430390894,-0.9883294385676008,0.529471868427965,0.5183293993837819,-0.24971202475940693,-0.14107481542627148,-0.5011607020397852,-0.16922063102738225,-0.16451672711156307,-0.0904197195853401,-0.021196609167943716,0.2001768580315052,-0.36101729319326437,0.31288832884322204,-0.4531902647922866,0.1441069352104849,0.06230174026458296,-0.34150299427711595,-0.03808918712121517,-0.44743001614517497,-0.06409232579181495,0.5172221739831281,-0.08984455772967234,0.2954133265798978,-0.05753250440798747,-0.2263648062589479,-1.435032458230821,-0.09438892400345121,-0.14927812246823838,-0.17689558961911636,-0.08642935776622047,-0.08305350757648847,-0.07980217252658665],[0.4443686888037049,-0.5787131858527857,-0.457157771718115,0.3589483216517819,-0.21663567987356688,0.3635628293101134,-0.018922174252025702,-0.6102987655871432,0.13760752303986262,-0.9135472880725422,-0.6189837434490759,0.19888989642117794,0.4047186202648046,-0.1939421187656844,0.11762830664229873,0.18906895776130106,0.08267376430390894,-0.9883294385676008,0.529471868427965,0.5183293993837819,-0.24971202475940693,-0.14107481542627148,-0.5011607020397852,-0.16922063102738225,-0.16451672711156307,-0.0904197195853401,-0.021196609167943716,0.2001768580315052,-0.36101729319326437,0.31288832884322204,0.0820881291670023,0.1441069352104849,0.017451366036306065,-0.4364092602359454,-0.03808918712121517,-0.020469798142067813,-0.0528541708911902,0.3869779232509936,-0.39124286859211943,0.20108823634888146,-0.6049331614898159,-0.057306306356844056,-0.22776027703985532,-0.053551837331723064,-0.09383896360533996,-0.14873434880223674,0.5141829710101338,-0.08305350757648847,-0.07980217252658665],[0.4443686888037049,-0.5787131858527857,-0.457157771718115,0.3589483216517819,-0.21663567987356688,0.3635628293101134,-0.018922174252025702,-0.6102987655871432,0.03437470822670878,-0.3090232282154313,-0.3570042744584146,0.26005996191368047,-0.07628217853319111,-0.1939421187656844,0.08958525581852388,0.18906895776130106,0.08267376430390894,-0.9883294385676008,0.529471868427965,0.5183293993837819,-0.24971202475940693,-0.14107481542627148,-0.5011607020397852,-0.16922063102738225,-0.16451672711156307,-0.0904197195853401,-0.021196609167943716,0.20017685803150567,-0.36101729319326437,0.31288832884322204,0.46431503046367417,0.1441069352104849,-0.027399008191970834,-0.5425054390335734,-0.03808918712121517,0.29063150290888745,-0.03053455240812749,0.6261131955539428,0.7249697778842902,-0.34462510148629,-0.9088017599131394,-0.6134379408800134,-0.057613678998392745,-0.04006719282466734,-0.05294824376552711,-0.09322294012817173,0.3835821160330838,0.5135479044139238,