{"actions":[25,23,23,23,23,14,14,14,20,20,20,20,20,20,20,25,17,16,1],"cont_trajectory":[[0.4443686888037049,-0.7000933540663575,-0.04272632167496841,0.24275555069190644,0.01937521356938614,0.4101492649086396,-0.018922174252025702,-0.08045098106061573,-0.22151645857177993,-0.34977625920964794,-0.37699527968310037,-0.10712093122907375,-0.04311481587088465,0.005018431323325947,0.629083498723828,-0.05328820952829751,-0.18498495482729202,-0.03344894418468001,0.04221389633332865,-0.04034219362293259,-0.027673436654858503,-0.0001262326781954087,-0.1258837987258799,-0.04932647737956157,0.04758962597718356,-0.0904197195853401,-0.021196609167943716,-0.01818072990240822,-0.07678042917077156,0.01770223795306894,1.0612025068286381,0.09905797141234965,0.6005062310039058,0.9221274542786455,-0.03808918712121517,1.0390532256950258,1.0224216425059827,0.7090897052367562,-0.39124286859211943,-0.00018175412481229403,-0.34751190763789724,-0.3509547170632749,-0.3531520762449878,1.2501545756873491,1.2524703850573955,1.254840955288298,0.7065758289152024,0.7046559539554363,0.7029731936012287],[0.4443686888037049,-0.7000933540663575,-0.04272632167496841,0.24275555069190644,0.01937521356938614,0.4101492649086396,-0.018922174252025702,-0.08045098106061573,-0.29308285854941013,0.6463074300532029,0.48948772971988475,-0.06261549375927426,-0.46165684107763355,0.005018431323325947,0.2560920339034416,0.6424037874090108,1.1692900185766808,0.9083579701724351,0.2858428823806468,0.1458816707126389,0.09065006477479651,-0.0001262326781954087,-0.1258837987258799,-0.04932647737956157,0.04758962597718356,-0.0904197195853401,-0.021196609167943716,-0.2128359171333767,-0.07678042917077156,0.01770223795306894,1.237780366639875,-0.25222611274495343,0.46595510831907505,1.0133344279760432,-0.03808918712121517,0.22957966827471996,1.0224216425059827,0.18441421583564024,-0.39124286859211943,0.38617509441090103,-0.34751190763789724,-0.3509547170632749,-0.3531520762449878,1.2501545756873491,1.2524703850573955,1.254840955288298,0.7065758289152024,0.7046559539554363,0.7029731936012287],[0.4443686888037049,-0.7000933540663575,-0.04272632167496841,0.24275555069190644,0.01937521356938614,0.4101492649086396,-0.018922174252025702,-0.08045098106061573,-0.29308285854941013,0.6463074300532029,0.48948772971988475,-0.06261549375927426,-0.46165684107763355,0.005018431323325947,0.2834412340556059,0.6424037874090108,0.08267376430390894,0.9083579701724351,0.20463322036487408,0.17691898143523416,-0.036537600091099055,-0.0001262326781954087,-0.1258837987258799,-0.04932647737956157,0.04758962597718356,-0.0904197195853401,-0.021196609167943716,-0.24145456850019023,-0.07678042917077156,0.01770223795306894,1.0514174729500607,-0.3383318586730764,0.5108054825473519,1.1260784332542058,-0.03808918712121517,0.7723962189379113,1.0224216425059827,0.18441421583564024,-0.39124286859211943,0.2954133265798978,0.6441879814603265,-0.3509547170632749,-0.3531520762449878,1.2501545756873491,1.2524703850573955,1.254840955288298,0.1804637962066329,0.7046559539554363,0.7029731936012287],[0.4443686888037049,-0.7000933540663575,-0.04272632167496841,0.24275555069190644,0.01937521356938614,0.4101492649086396,-0.018922174252025702,-0.08045098106061573,-0.1498006293641294,0.2007403955171023,0.21927623848217287,-0.23364961229820716,-0.46165684107763355,0.6379639583211261,0.7421054252455084,0.6424037874090108,0.08267376430390894,0.9083579701724348,0.12342355834910136,0.2079562921578294,-0.17761739107162822,-0.0001262326781954087,-0.1258837987258799,-0.04932647737956157,0.04758962597718356,-0.0904197195853401,-0.021196609167943716,-0.2881086035154303,-0.21392725399673365,-0.12803940094238028,0.5130949200231193,0.05292302283573512,0.6902069794604595,1.1504723216432116,-0.03808918712121517,0.33051971628311827,0.5445225151464513,0.19514012216187232,-0.39124286859211943,-1.4420871989982291,0.6441879814603265,0.6485802000488683,-0.3531520762449878,1.2501545756873491,1.2524703850573955,1.254840955288298,0.1804637962066329,0.1820573216254038,0.7029731936012287],[0.4443686888037049,-0.7000933540663575,-0.04272632167496841,0.24275555069190644,0.01937521356938614,0.4101492649086396,-0.018922174252025702,-0.08045098106061573,-0.33455893530192937,-0.1072698344333211,-0.04691471281798043,-0.28109169012534657,-0.46165684107763355,0.49263152173955027,0.833166420604273,0.6424037874090108,0.08267376430390894,0.8216191453951196,0.19303184007690688,0.18135288296703336,-0.34345053936278447,0.4569048941006036,0.5022284468649432,0.291629720307048,-0.1100933831918662,-0.16553529203849393,-0.021196609167943716,-0.2999457082516146,-0.21392725399673365,-0.12803940094238028,0.3078710127422961,0.18814317460826924,0.6902069794604595,1.1435697867205323,0.6969305589951278,0.1629499132686322,0.27173404003805374,0.18336664878563205,-0.39124286859211943,-1.4420871989982291,0.2005819034787874,0.6485802000488683,0.6528160700994248,0.6767241594259421,1.2524703850573955,1.254840955288298,0.191219069692682,0.1820573216254038,0.1836480417051607],[0.4443686888037049,-0.7000933540663575,-0.04272632167496841,0.24275555069190644,0.01937521356938614,0.4101492649086396,-0.018922174252025702,-0.08045098106061573,-0.26729290798143784,-0.12077699376506205,-0.20542519455300276,-0.28109169012534657,-0.46165684107763355,0.3204373927706992,0.833166420604273,0.6424037874090108,0.08267376430390894,0.6979983090966604,0.2858428823806468,0.1458816707126389,-0.6222362017216153,0.4569048941006036,0.5022284468649432,0.291629720307048,-0.1100933831918662,-0.16553529203849385,-0.021196609167943716,-0.2999457082516146,-0.21392725399673385,-0.12803940094238028,0.3078710127422961,0.18814317460826924,0.6902069794604595,1.1435697867205323,0.6969305589951278,0.1629499132686322,0.01349130087864454,0.3091996229211776,-0.39124286859211943,-1.4420871989982291,-0.10607276236460528,0.20292395941529637,0.6528160700994248,0.3494056943410672,0.6782868570437361,1.254840955288298,0.179413360954345,0.19274077089990121,0.1836480417051607],[0.4443686888037049,-0.7000933540663575,-0.04272632167496841,0.24275555069190644,0.01937521356938614,0.4101492649086396,-0.018922174252025702,-0.08045098106061573,-0.18036129215620145,-0.22640417578322627,-0.28552375840501687,-0.13296713560674678,-0.46165684107763355,0.1023427317821997,0.833166420604273,0.6424037874090108,0.08267376430390894,0.6979983090966604,0.2858428823806468,0.1458816707126389,-0.6222362017216153,0.4569048941006036,0.5022284468649432,0.291629720307048,-0.1100933831918662,-0.16553529203849385,-0.021196609167943716,-0.2999457082516146,-0.21392725399673385,-0.12803940094238028,0.3078710127422961,0.18814317460826924,0.6902069794604595,1.1435697867205323,0.6969305589951278,0.1629499132686322,-0.019452123075287868,0.3362890432419097,-0.39124286859211943,-1.4420871989982291,-0.11952047620201639,-0.10635011425254068,0.204291486693926,0.03954063509550012,0.3505385100136521,0.6799091357722996,0.3055908614123565,0.18101390122809657,0.19426457143566428],[0.4443686888037049,-0.7000933540663575,-0.04272632167496841,0.24275555069190644,0.01937521356938614,0.4101492649086396,-0.018922174252025702,-0.08045098106061573,0.005821239526123699,-0.4549673119321229,-0.5269905440308816,-0.13296713560674678,-0.46165684107763355,0.01810177774614271,0.7148825172914728,0.6424037874090108,0.08267376430390894,0.7423775072346215,0.20463322036487408,0.1458816707126389,-0.8876823155763072,0.4569048941006036,0.5022284468649432,0.2916297203070487,-0.1100933831918662,-0.16553529203849385,-0.021196609167943716,-0.009499283815601089,-0.21392725399673365,-0.12803940094238028,0.298341285094717,0.15889482784746517,0.6005062310039058,1.037473607922904,0.6969305589951278,0.15518587215058394,0.01349130087864454,0.34226117163691544,-0.39124286859211943,-1.4420871989982291,-0.22468278919068874,-0.1199442503253675,-0.10697314375931222,1.187216313418502e-5,0.040266491159538884,0.3517336582325042,0.33275445162714823,0.30634878252837894,0.18261115713868745],[0.4443686888037049,-0.7000933540663575,-0.04272632167496841,