{"actions":[25,22,22,22,22,1,1,1,1],"cont_trajectory":[[0.4443686888037049,-0.6081628889391005,-0.457157771718115,-0.5654368132942825,-0.8517606244184172,-0.4284065758648318,-0.757032951617568,-0.3104969812368465,0.31830388348918104,-0.21094937102428715,-0.31921653568966907,-0.2756128512368845,1.2320374070651925,0.23966926030277383,0.3648185941452852,-0.05328820952829751,1.1692900185766808,0.036578466784628,-0.36383441374553493,-0.2886406794036946,0.7994819981474188,-0.3005141080621574,-0.37527360755058314,-0.16922063102738225,0.04758962597718356,-0.09041971958534004,0.24025186038619306,-0.5883082814110957,-0.1346639519153697,-0.08976349890805721,0.867854174287504,0.4343304687324096,0.06230174026458296,0.8450910987993391,-0.03808918712121517,0.002725570623932645,1.2537063588304809,0.8764914197922571,-0.39124286859211943,0.20108823634888146,-0.20929600158369863,-0.21078066220323344,-0.2120758299638234,1.5276727454518275,1.5303530318171399,1.5330857462285579,0.872991438835733,0.8729867770096593,0.8707857446426512],[0.4443686888037049,-0.6081628889391005,-0.457157771718115,-0.5654368132942825,-0.8517606244184172,-0.4284065758648318,-0.757032951617568,-0.3104969812368465,-0.02503459399529127,0.6062318965347004,-0.21666606424466098,-0.31987272203954403,0.7177448594222398,0.23966926030277383,0.3648185941452852,-0.5745160999152487,0.560790240017508,0.03657846678462747,-0.36383441374553493,-0.2886406794036946,0.6926485377113941,-0.3005141080621574,-0.3752736075505833,-0.16922063102738225,0.04758962597718356,-0.0904197195853401,0.24025186038619306,-0.5883082814110957,-0.1346639519153697,-0.08976349890805721,0.867854174287504,0.4343304687324096,0.06230174026458296,0.8450910987993391,-0.03808918712121517,0.2989646942186089,1.1020196099520922,0.11366726135528608,0.2685948264410622,-0.47550127393045616,-0.20929600158369863,-0.21078066220323344,-0.2120758299638234,1.5276727454518275,1.5303530318171399,1.5330857462285579,0.872991438835733,0.8729867770096593,0.8707857446426512],[0.4443686888037049,-0.6081628889391005,-0.457157771718115,-0.5654368132942825,-0.8517606244184172,-0.4284065758648318,-0.757032951617568,-0.3104969812368465,-0.13669392960371846,0.5142980904239314,-0.21666606424466098,-0.8127031074038131,0.4047186202648046,0.23966926030277383,-0.6845501657769482,-0.5745160999152487,0.4089482286062476,0.03657846678462747,-0.36383441374553493,-0.2886406794036946,0.18475615875308887,-0.3005141080621574,-0.3752736075505833,-0.16922063102738225,0.04758962597718356,-0.0904197195853401,0.24025186038619306,-0.5883082814110957,-0.1346639519153697,-0.08976349890805721,0.7251150584429717,-0.3090828968041564,-0.386202002018186,0.8450910987993391,-0.03808918712121517,0.2841807768292042,1.1013266592801854,0.10858294358528923,0.20590203842561966,-0.47550127393045616,0.6042888218071224,-0.21078066220323344,-0.2120758299638234,1.3456640524641208,1.5303530318171399,1.5330857462285579,0.10952313901663341,0.8729867770096593,0.8707857446426512],[0.4443686888037049,-0.6081628889391005,-0.457157771718115,-0.5654368132942825,-0.8517606244184172,-0.4284065758648318,-0.757032951617568,-0.3104969812368465,-0.42956625508476365,0.5772367117732243,-0.21666606424466098,-0.35943744672958017,0.1890483760819749,0.23966926030277383,-0.6845501657769538,-0.5745160999152487,0.08267376430390894,0.03657846678462747,-0.36383441374553493,-0.2886406794036946,0.18475615875308887,-0.3005141080621574,-0.3752736075505833,-0.16922063102738225,0.04758962597718356,-0.0904197195853401,0.24025186038619306,-0.5883082814110957,-0.1346639519153697,-0.08976349890805721,0.7251150584429717,-0.3090828968041564,-0.386202002018186,0.8450910987993391,-0.03808918712121517,0.5042319356195449,0.6763175429892256,0.07582782846289902,-0.06132402107552862,-0.22280853035561068,0.5127596196856642,0.6085580236049524,-0.2120758299638234,1.344832582035548,1.3481052986916693,1.5330857462285579,0.10442490056077834,0.11159040941048472,0.8707857446426512],[0.4443686888037049,-0.6081628889391005,-0.457157771718115,-0.5654368132942825,-0.8517606244184172,-0.4284065758648318,-0.757032951617568,-0.3104969812368465,-0.42956625508476365,0.5772367117732243,-0.21666606424466098,-0.35943744672958017,0.3014003329753308,0.23966926030277383,-0.5801043593392766,0.4679396808586539,0.08267376430390894,-0.057500668650307424,-0.44504407576130767,-0.2679491389219647,0.1796814246293102,-0.3005141080621574,-0.3752736075505833,-0.16922063102738225,0.04758962597718356,-0.0904197195853401,0.24025186038619306,-0.3704736566129303,-0.1346639519153697,-0.08976349890805721,0.9047275873885786,-0.25222611274495343,-0.3264015030471502,0.6210079658742755,-0.03808918712121517,0.651740723818364,0.6763175429892256,0.008784327725001168,-0.15485101970796342,0.20108823634888146,0.5754212458972929,0.5167064212916012,0.6125363020186084,0.8348648074213281,1.3472727362558823,1.3506005029284394,0.07158010306830515,0.10652621722577928,0.1136225237919239],[0.4443686888037049,-0.6081628889391005,-0.457157771718115,-0.5654368132942825,-0.8517606244184172,-0.4284065758648318,-0.757032951617568,-0.3104969812368465,-0.42956625508476365,0.5772367117732243,-0.21666606424466098,-0.35943744672958017,0.3014003329753308,0.23966926030277383,-0.5801043593392766,0.4679396808586539,0.08267376430390894,-0.057500668650307424,-0.44504407576130767,-0.2679491389219647,0.1796814246293102,-0.3005141080621574,-0.3752736075505833,-0.16922063102738225,0.04758962597718356,-0.0904197195853401,0.24025186038619306,-0.3704736566129303,-0.1346639519153697,-0.08976349890805721,0.9047275873885786,-0.25222611274495343,-0.3264015030471502,0.6210079658742755,-0.03808918712121517,0.651740723818364,-0.21519038651161648,-0.567969233264578,-0.39124286859211943,-0.22280853035561068,0.5754212458972929,0.5795949696934026,0.5200935223457507,0.8348648074213281,0.8366351982084007,1.3497668554747697,0.004353039548766355,0.0739007588032546,0.1085900529570363],[0.4443686888037049,-0.6081628889391005,-0.457157771718115,-0.5654368132942825,-0.8517606244184172,-0.4284065758648318,-0.757032951617568,-0.3104969812368465,-0.42956625508476365,0.5772367117732243,-0.21666606424466098,-0.35943744672958017,0.3014003329753308,0.23966926030277383,1.1519643199627954,0.6424037874090108,0.08267376430390894,0.22972093624846884,-0.6074633997928531,0.05276973854485316,0.15016526279271644,-0.3005141080621574,-0.3752736075505833,-0.16922063102738225,0.04758962597718356,-0.0904197195853401,0.24025186038619306,-0.10215536952483377,-0.1346639519153697,-0.08976349890805721,-0.15222550143036476,0.92403451621259,0.5556558567756288,0.5075760824415362,-0.03808918712121517,-0.20922924796950665,-0.21519038651161648,-0.567969233264578,-0.39124286859211943,0.20108823634888146,0.5754212458972929,0.5795949696934026,0.5833868354446398,-0.2348541643176924,0.8366351982084007,0.8384638407776562,-0.5739796527035204,0.007122640709277516,0.07616895557410924],[0.4443686888037049,-0.6081628889391005,-0.457157771718115,-0.5654368132942825,-0.8517606244184172,-0.4284065758648318,-0.757032951617568,-0.3104969812368465,-0.42956625508476365,0.5772367117732243,-0.21666606424466098,-0.35943744672958017,0.3014003329753308,0.23966926030277383,1.055494667990435,0.6424037874090108,0.08267376430390894,0.1361078139368448,-0.48564890676919403,0.0838070492674484,0.24803377144535854,-0.3005141080621574,-0.3752736075505833,-0.16922063102738225,0.04758962597718356,-0.0904197195853401,0.24025186038619306,-0.7530557506979626,-0.16457557099465736,-0.6866772461926187,-0.10368672568597465,0.673704258621553,0.6005062310039058,0.8288604542856814,-0.03808918712121517,-0.17030211060622588,-0.21519038651161648,-0.567969233264578,-0.39124286859211943,0.47374923877199493,0.5754212458972929,0.5795949696934026,0.5833868354446398,-0.2348541643176924,-0.23448868318727206,0.8384638407776562,-0.5739796527035204,-0.5673479191956103,0.009809125721766062],[0.4443686888037049,-0.6081628889391005,-0.457157771718115,-0.5654368132942825,-0.8517606244184172,-0.4284065758648318,-0.757032951617568,