{"actions":[7,15,15,12,22,22,22,22,22,25,25,25,25,1],"cont_trajectory":[[-0.3594817139279269,-0.3868141177280647,-0.04272632167496841,-0.04019274673748822,-0.17430051110426245,0.08404421571895629,-0.40594725951727817,-0.08045098106061573,0.2354803739994657,-0.12077699376506205,-0.4828812700985988,0.23983506052167278,0.3711520721955282,0.005018431323325947,-0.08120971845348814,0.517927142197711,-0.18498495482729202,-0.03344894418468001,0.04221389633332865,-0.04034219362293259,0.8986337960066503,-0.0001262326781954087,-0.1258837987258799,-0.04932647737956157,0.04758962597718356,-0.0904197195853401,-0.021196609167943716,-0.01818072990240822,-0.07678042917077156,0.01770223795306894,-0.016390408969459203,0.005619545820168386,-0.11709975664852462,-0.03841674439349549,-0.03808918712121517,0.07137584339432315,-0.07538336632200371,0.10769884526976747,-0.1772812129111593,0.38617509441090103,-0.11952047620201639,-0.1199442503253675,-0.12065477471808443,-0.06709993922306548,-0.06651413898360235,-0.0658625050559949,0.10353838161470694,0.10564561849404829,0.10771497016534068],[-0.3594817139279269,-0.3868141177280647,-0.04272632167496841,-0.04019274673748822,-0.17430051110426245,0.08404421571895629,-0.40594725951727817,-0.08045098106061573,0.2919536887652488,-0.043246651480294634,-0.2622940658829284,0.16773123961553135,0.4536038339475474,0.005018431323325947,-0.08120971845348814,0.517927142197711,-0.18498495482729202,-0.03344894418468001,0.04221389633332865,-0.04034219362293259,0.8986337960066503,-0.0001262326781954087,-0.1258837987258799,-0.04932647737956157,0.04758962597718356,-0.0904197195853401,-0.021196609167943716,-0.01818072990240822,-0.07678042917077156,0.01770223795306894,-0.016390408969459203,0.005619545820168386,-0.11709975664852462,-0.03841674439349549,-0.03808918712121517,0.07137584339432315,-0.03053455240812749,0.5652685339489133,-0.23838323239963596,0.38617509441090103,-0.11952047620201639,-0.1199442503253675,-0.12065477471808443,-0.06709993922306548,-0.06651413898360235,-0.0658625050559949,0.10353838161470694,0.10564561849404829,0.10771497016534068],[-0.3594817139279269,-0.3868141177280647,-0.04272632167496841,-0.04019274673748822,-0.17430051110426245,0.08404421571895629,-0.40594725951727817,-0.08045098106061573,0.33784830974241387,-0.013048022041944387,-0.1284769767281969,0.26005996191368047,0.4536038339475474,0.005018431323325947,-0.08120971845348814,0.517927142197711,-0.18498495482729202,-0.03344894418468001,0.04221389633332865,-0.04034219362293259,0.8986337960066503,-0.0001262326781954087,-0.1258837987258799,-0.04932647737956157,0.04758962597718356,-0.0904197195853401,-0.021196609167943716,-0.01818072990240822,-0.07678042917077156,0.01770223795306894,-0.016390408969459203,0.005619545820168386,-0.11709975664852462,-0.03841674439349549,-0.03808918712121517,0.07137584339432315,-0.008420647620462369,0.5645088621113424,-0.29560007150689027,0.38617509441090103,-0.04233134774389347,-0.1199442503253675,-0.12065477471808443,-0.013285917478437772,-0.06651413898360235,-0.0658625050559949,0.5623608802444681,0.10564561849404829,0.10771497016534068],[-0.3594817139279269,-0.3868141177280647,-0.04272632167496841,-0.04019274673748822,-0.17430051110426245,0.08404421571895629,-0.40594725951727817,-0.08045098106061573,0.29936589328741636,-0.12077699376506205,-0.34731098019528966,0.37817752532350574,0.4047186202648046,-0.4922232205353439,0.5246376922861525,0.517927142197711,-0.18498495482729266,1.022288856083619,0.529471868427965,0.1458816707126389,0.9517772401640961,0.6891850027768296,0.3730148727356047,1.369135486900995,0.2942981544902579,-0.0904197195853401,-0.021196609167943716,0.490439699606885,0.7834319491231476,-0.027627196493596223,0.2124487044967714,-0.09288043798453735,0.6005062310039058,1.1550448004952902,0.4519239769563468,0.2732498741754958,0.01349130087864454,0.08471929080053103,-0.29560007150689027,0.2954133265798978,-0.012265623560523676,-0.04195518021279099,-0.12065477471808443,0.01324852232608602,-0.012629440883025362,-0.0658625050559949,0.5615991284517322,0.5614040793521052,0.10771497016534068],[-0.3594817139279269,-0.3868141177280647,-0.04272632167496841,-0.04019274673748822,-0.17430051110426245,0.08404421571895629,-0.40594725951727817,-0.08045098106061573,0.3469067047808637,0.2007403955171023,-0.0029324105952346696,0.43530884063601955,0.4047186202648046,-0.4922232205353439,0.5246376922861525,0.517927142197711,-0.18498495482729202,1.0222888560836185,0.529471868427965,0.1458816707126389,0.964871245524916,0.6891850027768296,0.3730148727356045,1.369135486900995,0.2942981544902579,-0.0904197195853401,-0.021196609167943716,0.490439699606885,0.7834319491231476,-0.027627196493596223,0.2124487044967714,-0.09288043798453735,0.6005062310039058,1.1550448004952902,0.4519239769563468,0.27324987417549546,0.17480803839373882,0.07389126386122585,-0.29560007150689027,0.2954133265798978,-0.11952047620201639,-0.011603179277476281,-0.042163749589173606,0.03954063509550012,0.01393984778526555,-0.011907582959556757,0.0804959099216857,0.560647414572915,0.5606186275242364],[-0.3594817139279269,-0.3868141177280647,-0.04272632167496841,-0.04019274673748822,-0.17430051110426245,0.08404421571895629,-0.40594725951727817,-0.08045098106061573,0.39162407205676736,0.145737529566929,-0.1284769767281969,0.43530884063601955,0.4047186202648046,-0.4922232205353439,0.5246376922861525,0.517927142197711,-0.18498495482729202,1.022288856083619,0.529471868427965,0.1458816707126389,0.964871245524916,0.6891850027768296,0.3730148727356047,1.369135486900995,0.2942981544902579,-0.0904197195853401,-0.021196609167943716,0.490439699606885,0.7834319491231476,-0.027627196493596223,0.2124487044967714,-0.09288043798453735,0.6005062310039058,1.1550448004952902,0.4519239769563468,0.27324987417549546,0.3393255994416087,0.06514986328825763,-0.39124286859211943,0.2954133265798978,0.2005819034787874,-0.1199442503253675,-0.011616396419202524,0.23310433640274367,0.040266491159538884,0.0146963315242856,0.06963823621986386,0.08275702548795215,0.559866702381158],[-0.3594817139279269,-0.3868141177280647,-0.04272632167496841,-0.04019274673748822,-0.17430051110426245,0.08404421571895629,-0.40594725951727817,-0.08045098106061573,0.4004559693826471,0.35832058619818674,0.2648933060345148,0.37817752532350574,0.4047186202648046,-0.4922232205353439,0.5246376922861525,0.517927142197711,-0.18498495482729202,1.022288856083619,0.529471868427965,0.1458816707126389,0.964871245524916,0.6891850027768296,0.3730148727356047,1.369135486900995,0.2942981544902579,-0.0904197195853401,-0.021196609167943716,0.490439699606885,0.7834319491231476,-0.027627196493596223,0.2124487044967714,-0.09288043798453735,0.6005062310039058,1.1550448004952902,0.4519239769563468,0.27324987417549546,0.4124647721485263,0.05879863429913599,-0.270596354639252,0.2954133265798978,0.1458211071211659,0.20292395941529637,-0.12065477471808443,0.4305087008660804,0.23408440831255906,0.04105728449220094,0.06087290199505838,0.07197185983103781,0.08496974791594243],[-0.3594817139279269,-0.3868141177280647,-0.04272632167496841,-0.04019274673748822,-0.17430051110426245,0.08404421571895629,-0.40594725951727817,-0.08045098106061573,0.4004559693826471,0.3836048231068038,0.35364850812358506,0.37817752532350574,0.4047186202648046,-0.4922232205353439,0.5246376922861525,0.517927142197711,-0.18498495482729202,1.022288856083619,0.529471868427965,0.1458816707126389,0.964871245524916,0.6891850027768296,0.3730148727356047,1.369135486900995,0.2942981544902579,-0.0904197195853401,-0.021196609167943716,0.490439699606885,0.7834319491231476,-0.027627196493596223,0.2124487044967714,-0.09288043798453735,0.6005062310039058,1.1550448004952902,0.4519239769563468,0.27324987417549546,0.3393255994416087,0.05879863429913599,-0.19329156008216494,0.2954133265798978,0.3574685780695111,0.14778408527531345,0.204291486693926,0.51826827992635,0.4317480327359665,0.2351277903966059,0.054504283561065126,0.06326506091177342,0.07425213893937677],[-0.3594817139279269,-0.3868141177280647,-0.04272632167496841,