{"actions":[25,25,25,25,25,25,25,25,25,25,25,25,25,25,15,15,13,1],"cont_trajectory":[[-0.3594817139279269,0.1906297417087927,0.4443449032463929,-0.6921568444141701,-0.4545723953925698,0.13063065131748247,-1.0052880252792553,-0.08045098106061573,-0.030537215188902914,0.8648722255379718,0.115707097846564,-0.13296713560674678,-0.46165684107763355,-0.7642529583241678,1.2234067160538138,-0.05328820952829751,1.1692900185766808,1.0939083413186623,0.04221389633332865,-0.04034219362293259,-0.027673436654858503,-0.0001262326781954087,-0.1258837987258799,-0.04932647737956157,0.04758962597718356,-0.0904197195853401,-0.021196609167943716,-0.01818072990240822,-0.07678042917077156,0.01770223795306894,1.0999488448925139,-0.1973661829077632,1.318112218656336,1.5240709490966557,-0.03808918712121517,0.14541895947240105,0.4143111298270193,0.722614750121643,-0.23838323239963596,0.20108823634888146,0.861790865414211,0.8666893813696703,0.8723290506643325,0.5204837216200721,0.521841221699417,0.5232596162449716,0.7201379049042763,0.7181274617766079,0.7163603178925927],[-0.3594817139279269,0.1906297417087927,0.4443449032463929,-0.6921568444141701,-0.4545723953925698,0.13063065131748247,-1.0052880252792553,-0.08045098106061573,-0.030537215188902914,0.30694928142042055,0.115707097846564,0.005569918344287452,-0.46165684107763355,-0.7642529583241678,1.2234067160538138,-0.05328820952829751,0.560790240017508,1.0939083413186623,-0.2826247517297622,-0.3507153008488851,0.38442390572081336,0.0575810544184516,0.3730148727356047,0.5055261849101593,0.04758943044743416,0.2137363457776362,0.3274013502375721,-0.2128359171333767,0.7869230171899403,-0.006486949782278573,1.0999488448925139,-0.1973661829077632,1.318112218656336,1.5240709490966557,1.0236060017135025,0.4638112304343781,0.222261324741675,0.8764914197922571,-0.39124286859211943,0.20108823634888146,0.861790865414211,0.8666893813696703,0.8723290506643325,0.5204837216200721,0.521841221699417,0.5232596162449716,0.7201379049042763,0.7181274617766079,0.7163603178925927],[-0.3594817139279269,0.1906297417087927,0.4443449032463929,-0.6921568444141701,-0.4545723953925698,0.13063065131748247,-1.0052880252792553,-0.08045098106061573,-0.030537215188902914,0.10357698584417596,0.115707097846564,0.31979012637512144,0.3014003329753308,-0.7642529583241678,1.1159524397806804,-0.05328820952829751,0.560790240017508,1.0939083413186623,-0.2826247517297622,-0.3507153008488851,0.20738586950508314,0.0575810544184516,0.3730148727356047,0.5055261849101593,0.04758943044743416,0.2137363457776362,0.3274013502375721,-0.2128359171333767,0.7869230171899403,-0.006486949782278573,0.8691817219031835,-0.4616330862635013,1.318112218656336,1.6054400517445881,1.0236060017135025,0.29990876607762285,0.222261324741675,0.8764914197922571,-0.39124286859211943,0.2954133265798978,0.3063233602528802,0.8666893813696703,0.8723290506643325,0.2900434605518392,0.521841221699417,0.5232596162449716,0.872991438835733,0.7181274617766079,0.7163603178925927],[-0.3594817139279269,0.1906297417087927,0.4443449032463929,-0.6921568444141701,-0.4545723953925698,0.13063065131748247,-1.0052880252792553,-0.08045098106061573,-0.030537215188902914,0.43341082282814003,0.115707097846564,0.31979012637512144,0.4536038339475474,-0.7642529583241678,1.079743951453375,-0.05328820952829751,0.560790240017508,1.0939083413186623,-0.2014150897139895,-0.3507153008488851,0.35734274279733363,0.06657113526668983,0.3730148727356047,0.3997937446878785,-0.24807790547095285,0.2246382395893409,0.41455084008895116,-0.22709485599295506,0.7694130000664743,-0.07854181361230723,0.6616501291271834,-0.544758518864236,1.318112218656336,1.6071673320430637,1.0236060017135025,0.15212373592893988,0.5921214765914113,0.852033819001591,-0.270596354639252,0.38617509441090103,0.10384611346865778,0.309307669616406,0.8723290506643325,0.2900434605518392,0.29109831315403434,0.5232596162449716,0.872991438835733,0.8729867770096593,0.7163603178925927],[-0.3594817139279269,0.1906297417087927,0.4443449032463929,-0.6921568444141701,-0.4545723953925698,0.13063065131748247,-1.0052880252792553,-0.08045098106061573,-0.030537215188902914,0.17340667291605338,0.115707097846564,0.19888989642117794,1.4243241389428372,-0.04556923306420781,1.079743951453375,-0.05328820952829751,0.08267376430390894,1.058505562634726,-0.12020542769821678,-0.3507153008488851,0.4950537552777397,0.07539922383055596,0.3730148727356047,0.291629720307048,-0.5777659648077207,0.2353568995948952,0.5017003299403299,-0.24145456850019023,0.7517643381509371,-0.1556893541555157,0.2275093241167926,-0.4942554212517182,1.318112218656336,1.5538513935731253,1.0236060017135025,0.09753402374511064,0.222261324741675,0.8764914197922571,-0.270596354639252,0.47374923877199493,0.432228339865624,0.10549500430838335,0.3113599061358897,0.7338380788963574,0.29109831315403434,0.2922159973007956,0.849911318709825,0.8729867770096593,0.8707857446426512],[-0.3594817139279269,0.1906297417087927,0.4443449032463929,-0.6921568444141701,-0.4545723953925698,0.13063065131748247,-1.0052880252792553,-0.08045098106061573,-0.030537215188902914,0.060586815828835884,0.115707097846564,0.26005996191368047,1.4243241389428372,-0.04556923306420781,1.079743951453375,-0.05328820952829751,0.08267376430390894,1.0939083413186623,-0.07960059669033043,-0.3817526115714803,0.4760219428733465,0.08407105480750718,0.3960206087759793,0.34602619469397317,-0.4229262900277496,0.2458983835309898,0.5452750748660192,-0.22709485599295554,0.790408668539316,-0.16777221306962506,0.2275093241167926,-0.4942554212517182,1.318112218656336,1.5538513935731253,1.0236060017135025,0.09753402374511064,0.507527527180671,0.868828886951069,-0.39124286859211943,0.47374923877199493,0.17336847757462248,0.43584118334801336,0.10623545714335657,0.2900434605518392,0.7354757867730262,0.2922159973007956,0.872991438835733,0.8470342427495238,0.8707857446426512],[-0.3594817139279269,0.1906297417087927,0.4443449032463929,-0.6921568444141701,-0.4545723953925698,0.13063065131748247,-1.0052880252792553,-0.08045098106061573,-0.030537215188902914,0.2007403955171023,0.115707097846564,0.26005996191368047,1.9429585649951566,-0.04556923306420781,1.3174816499504904,-0.05328820952829751,0.08267376430390894,1.0939083413186623,-0.03899576568244407,-0.4127899222940756,0.4567880057191644,0.09259206366240559,0.4183959707036174,0.3997937446878785,-0.2764752843699155,0.25626845360825934,0.5888498197917089,-0.2128359171333767,0.8284003828992905,-0.18000214127489494,0.6021477631883763,-0.6337176953396324,1.318112218656336,1.6071673320430637,1.0236060017135025,0.4034198757841828,0.222261324741675,0.8693984518410339,-0.39124286859211943,0.38617509441090103,0.06104514473873385,0.17552635465060407,0.43870781772940654,0.632333931165819,0.29109831315403434,0.7371725956614713,0.8667523709733188,0.8729867770096593,0.8444596458811049],[-0.3594817139279269,0.1906297417087927,0.4443449032463929,-0.6921568444141701,-0.4545723953925698,0.13063065131748247,-1.0052880252792553,-0.08045098106061573,-0.030537215188902914,0.2808447556553006,0.115707097846564,0.26005996191368047,2.3827183828243896,-0.04556923306420781,1.3174816499504904,-0.05328820952829751,0.08267376430390894,1.0939083413186623,-0.03899576568244407,-0.3817526115714803,0.48556271693573044,0.08407105480750718,0.44017458461602765,0.3997937446878785,-0.0832462046511116,0.25626845360825934,0.6324245647173986,-0.18461206252094553,0.8437618421049943,-0.25903058458127715,0.6021477631883763,-0.6337176953396324,1.318112218656336,1.6071673320430637,1.0236060017135025,0.4034198757841828,0.222261324741675,0.8696802698430155,-0.39124286859211943,0.38617509441090103,0.2005819034787874,0.062351339396293025,0.1767175448460074,0.2900434605518392,0.6338383291161385,0.2922159973007956,0.8673234953122145,0.8637628296905788,0.8707857446426512],[-0.3594817139279269,0.1906297417087927,0.4443449032463929,-0.6921568444141701,-0.4545723953925698,0.13063065131748247,-1.0052880252792553,-0.08045098106061573,-0.030537215188902914,0.2808447556553006,0.115707097846564,