{"actions":[4,23,22,25,25,25,24,25,25,19,24,24,24,24,24,24,24,1],"cont_trajectory":[[0.4443686888037049,0.042698499389810435,-0.04272632167496841,-0.526071996775743,-0.03596905068413492,-0.24206083347072702,-1.0052880252792553,-0.3104969812368465,0.553647507666239,-0.12077699376506205,-0.5908206424731971,0.1361704857284341,0.8355240630218151,0.09934174141974358,-0.08120971845348814,-0.05328820952829751,0.7762665443109126,-0.03344894418468001,0.04221389633332865,-0.04034219362293259,-0.027673436654858503,-0.0001262326781954087,-0.1258837987258799,-0.04932647737956157,0.04758962597718356,-0.0904197195853401,-0.021196609167943716,-0.01818072990240822,-0.07678042917077156,0.01770223795306894,-0.016390408969459203,0.005619545820168386,-0.11709975664852462,-0.03841674439349549,-0.03808918712121517,-0.4231892709171871,1.604068282874216,0.2878847007034137,0.05812307628295244,0.20108823634888146,-0.11952047620201639,-0.1199442503253675,-0.12065477471808443,-0.2348541643176924,-0.23448868318727206,-0.23405595822849506,0.28421757967622485,0.2851182325517847,0.2860633943492325],[0.4443686888037049,0.042698499389810435,-0.04272632167496841,-0.526071996775743,-0.03596905068413492,-0.24206083347072702,-1.0052880252792553,-0.3104969812368465,0.650350027512051,-0.05851500471647575,-0.5092056898662118,0.1361704857284341,0.8355240630218151,0.09934174141974358,-0.08120971845348814,-0.05328820952829751,0.7762665443109126,0.8684733752312852,0.20463322036487408,0.3321055350482104,0.3709370592638665,0.07539922383055596,-0.2662252461717348,-0.16922063102738225,0.1978098354071373,-0.34900316953290467,0.8502982893458461,-0.01818072990240822,-0.07678042917077156,0.01770223795306894,-0.016390408969459203,0.005619545820168386,-0.11709975664852462,-0.03841674439349549,0.04357967355837849,-0.4231892709171871,0.222261324741675,0.19772977584398072,-0.19329156008216494,0.2954133265798978,-0.11952047620201639,-0.1199442503253675,-0.12065477471808443,-0.2348541643176924,-0.23448868318727206,-0.23405595822849506,0.28421757967622485,0.2851182325517847,0.2860633943492325],[0.4443686888037049,0.042698499389810435,-0.04272632167496841,-0.526071996775743,-0.03596905068413492,-0.24206083347072702,-1.0052880252792553,-0.3104969812368465,0.7885063095021614,-0.05851500471647575,-0.5359558509001532,0.6527184975256501,0.8916483019261738,0.09934174141974358,0.6806959898507537,-0.05328820952829751,0.7762665443109126,0.8684733752312852,0.20463322036487408,0.3321055350482104,0.3709370592638665,0.07539922383055596,-0.2662252461717348,-0.16922063102738225,0.1978098354071373,-0.34900316953290467,0.8502982893458461,-0.01818072990240822,-0.07678042917077156,0.01770223795306894,-0.34658165595916407,0.5662157083967342,0.28655361140596747,0.3956116327288121,0.04357967355837849,-0.663349996639857,0.3202072378507838,0.11398075000496849,-0.29560007150689027,0.38617509441090103,-0.05753250440798747,-0.1199442503253675,-0.12065477471808443,0.2900434605518392,-0.23448868318727206,-0.23405595822849506,0.19381581375682805,0.2851182325517847,0.2860633943492325],[0.4443686888037049,0.042698499389810435,-0.04272632167496841,-0.526071996775743,-0.03596905068413492,-0.24206083347072702,-1.0052880252792553,-0.3104969812368465,0.634505286892048,0.031440832921154245,-0.4569628887282189,0.5999061860722682,0.26506939458805046,0.09934174141974358,0.7319099249462787,-0.05328820952829751,0.776266544310913,0.5893098817734339,0.25877299504205514,0.37348861601167105,0.3709370592638665,0.07539922383055596,-0.2662252461717348,-0.16922063102738225,0.1978098354071373,-0.34900316953290467,0.8502982893458461,-0.07536162983145166,0.5395876253219085,-0.2612615930951429,-0.32894479259611686,0.5844648392587694,0.33140398563424434,0.3956116327288121,0.04357967355837849,-0.650052695450233,0.4143111298270193,0.8481369599026906,-0.39124286859211943,0.47374923877199493,-0.05753250440798747,-0.057306306356844056,-0.12065477471808443,0.40756860866328554,0.29109831315403434,-0.23405595822849506,0.10983748598737475,0.19532017378762337,0.2860633943492325],[0.4443686888037049,0.042698499389810435,-0.04272632167496841,-0.526071996775743,-0.03596905068413492,-0.24206083347072702,-1.0052880252792553,-0.3104969812368465,0.6972688356889618,0.0018871544802698747,-0.40627265168946747,0.5461064721801082,-0.46165684107763355,-0.11710390172804008,0.8079968585604037,0.18906895776130106,0.7762665443109126,-0.18359653664697087,0.36705254439641954,0.4562547779385914,0.3709370592638665,0.07539922383055596,-0.2662252461717348,-0.16922063102738225,0.1978098354071373,-0.34900316953290467,0.8502982893458461,-0.07536162983145166,0.5395876253219085,-0.2612615930951429,-0.0894950227124634,0.6205529677694565,0.37625435986252126,0.35496820948652746,0.04357967355837849,-0.4751337295936963,0.222261324741675,0.8487132878448336,-0.39124286859211943,0.47374923877199493,0.03202743435076736,-0.057306306356844056,-0.057613678998392745,0.5204837216200721,0.4087778122864902,0.2922159973007956,0.8460037901457568,0.11190265715768177,0.19682781732571766],[0.4443686888037049,0.042698499389810435,-0.04272632167496841,-0.526071996775743,-0.03596905068413492,-0.24206083347072702,-1.0052880252792553,-0.3104969812368465,0.5371329617623841,-0.15266149453566114,-0.5092056898662118,0.49126181088422627,0.4047186202648046,-0.11710390172804008,0.8832207837694788,0.18906895776130106,0.7762665443109126,-0.18359653664697087,0.36705254439641954,0.4562547779385914,0.3709370592638665,0.07539922383055596,-0.2662252461717348,-0.16922063102738225,0.1978098354071373,-0.34900316953290467,0.8502982893458461,-0.07536162983145166,0.5395876253219085,-0.2612615930951429,0.11072552407755198,0.656114177426452,0.4211047340907981,0.3124039259980885,0.04357967355837849,-0.33391913327071804,0.222261324741675,0.8468000045839932,-0.39124286859211943,0.47374923877199493,0.002603822712312374,0.03308769393211995,-0.057613678998392745,0.2900434605518392,0.521841221699417,0.4100488595391298,0.8465816960538328,0.8431528088411231,0.11393281566547765],[0.4443686888037049,0.042698499389810435,-0.04272632167496841,-0.526071996775743,-0.03596905068413492,-0.24206083347072702,-1.0052880252792553,-0.3104969812368465,0.4527038587346415,0.08934152424910408,-0.1284769767281969,0.5999061860722682,0.634482678540697,-0.11710390172804008,0.8832207837694788,0.18906895776130106,0.7762665443109126,-0.18359653664697087,0.36705254439641954,0.4562547779385914,0.3709370592638665,0.07539922383055596,-0.2662252461717348,-0.16922063102738225,0.1978098354071373,-0.34900316953290467,0.8502982893458461,-0.07536162983145166,0.5395876253219085,-0.2612615930951429,0.11072552407755198,0.656114177426452,0.4211047340907981,0.3124039259980885,0.04357967355837849,-0.33391913327071804,0.222261324741675,0.29909096826938036,-0.1207741098176098,0.47374923877199493,-0.15126465213722876,0.0034029238850511972,0.03336211719897322,0.2900434605518392,0.29109831315403434,0.5232596162449716,0.8446631742897287,0.8437268554669362,0.8406025246998503],[0.4443686888037049,0.042698499389810435,-0.04272632167496841,-0.526071996775743,-0.03596905068413492,-0.24206083347072702,-1.0052880252792553,-0.3104969812368465,0.5863264370725177,-0.0894027437928584,-0.43143231728139997,0.43530884063601955,0.3014003329753308,-0.11710390172804008,0.8582408233962731,0.18906895776130106,0.7762665443109126,-0.18359653664697087,0.36705254439641954,0.4562547779385914,0.3709370592638665,0.07539922383055596,-0.2662252461717348,-0.16922063102738225,0.1978098354071373,-0.34900316953290467,0.8502982893458461,-0.07536162983145166,0.5395876253219085,-0.2612615930951429,-0.016390408969459203,0.510609361778172,0.5108054825473519,0.2523299097899044,0.04357967355837849,-0.4231892709171871,0.222261324741675,0.8468000045839932,-0.1207741098176098,0.47374923877199493,0.08967330265238761,-0.15204657051699813,0.003486289363776613,0.2900434605518392,0.29109831315403434,0.2922159973007956,0.29545452961443613,0.8418211456795084,0.8411729755826179],[0.4443686888037049,0.042698499389810435,-0.04272632167496841,