{"actions":[1,1,1,2,5,5,5,15,15,15,15,12,18,13,1],"cont_trajectory":[[0.4443686888037049,0.447687314637091,-0.04272632167496841,-0.012582138699835467,0.10729294798571684,0.3169763937115872,-0.018922174252025702,-0.08045098106061573,0.023721021061815423,0.060586815828835884,0.115707097846564,0.005569918344287452,-0.003225116970224428,0.005018431323325947,-0.08120971845348814,-0.05328820952829751,-0.18498495482729202,-0.1067345928239699,0.12342355834910136,0.1458816707126389,-0.36192530078653595,-0.3005141080621574,-0.2662252461717348,-0.4200942962234916,0.38814108908577594,-0.0904197195853401,-0.021196609167943716,0.8102304817816133,-0.6579541355668783,-0.013490858525094577,-0.016390408969459203,0.005619545820168386,-0.11709975664852462,0.3124039259980885,0.4519239769563468,0.07137584339432315,-0.21519038651161648,-0.567969233264578,-0.39124286859211943,-0.22280853035561068,0.06104514473873385,0.062351339396293025,0.06281410999971239,-0.2348541643176924,-0.23448868318727206,-0.23405595822849506,-0.5739796527035204,-0.5673479191956103,-0.5610630356772686],[0.4443686888037049,0.447687314637091,-0.04272632167496841,-0.012582138699835467,0.10729294798571684,0.3169763937115872,-0.018922174252025702,-0.08045098106061573,0.023721021061815423,0.060586815828835884,0.115707097846564,0.005569918344287452,-0.003225116970224428,0.005018431323325947,-0.08120971845348814,-0.05328820952829751,-0.18498495482729202,-0.1067345928239699,0.12342355834910136,0.1458816707126389,-0.36192530078653595,-0.3005141080621574,-0.2662252461717348,-0.4200942962234916,0.38814108908577594,-0.0904197195853401,-0.021196609167943716,0.8102304817816133,-0.6579541355668783,-0.013490858525094577,-0.016390408969459203,0.005619545820168386,-0.11709975664852462,0.3124039259980885,0.4519239769563468,0.07137584339432315,-0.21519038651161648,-0.567969233264578,-0.39124286859211943,-0.22280853035561068,0.06104514473873385,0.062351339396293025,0.06281410999971239,-0.2348541643176924,-0.23448868318727206,-0.23405595822849506,-0.5739796527035204,-0.5673479191956103,-0.5610630356772686],[0.4443686888037049,0.447687314637091,-0.04272632167496841,-0.012582138699835467,0.10729294798571684,0.3169763937115872,-0.018922174252025702,-0.08045098106061573,0.6933933450883883,0.49431441215190663,0.5332473221658158,0.43530884063601955,0.1197432089941172,-1.2938981369279536,-0.08120971845348814,-0.05328820952829751,-0.18498495482729202,0.28917543939803214,0.07266751958924342,0.12260368767069248,-0.3589627454787169,-0.3005141080621574,-0.2535637580899539,-0.3878562490643994,0.3590862344914705,-0.20669442784707992,-0.4569440584248386,0.8244069969281369,-0.5699173244528876,-0.004306838966217643,-0.016390408969459203,0.005619545820168386,-0.11709975664852462,0.31240392599808836,0.41108954661654995,0.07137584339432315,-0.21519038651161648,-0.16396598049924338,-0.39124286859211943,-0.22280853035561068,0.06104514473873385,0.062351339396293025,0.06281410999971239,-0.2348541643176924,-0.23448868318727206,-0.23405595822849506,-0.5739796527035204,-0.5673479191956103,-0.5610630356772686],[0.4443686888037049,0.447687314637091,-0.04272632167496841,-0.012582138699835467,0.10729294798571684,0.3169763937115872,-0.018922174252025702,-0.08045098106061573,0.6972688356889618,0.45794753977996994,0.43937893947519246,0.31979012637512144,-0.2436017413899744,-1.1340683230922952,-0.08120971845348814,0.13908149642224404,-0.18498495482729202,1.0939083413186623,-0.2826247517297622,-0.04034219362293259,-0.3384714021416646,-0.3005141080621574,-0.1700377745659282,-0.16922063102738225,0.14850116274505523,-0.20669442784707992,-0.4569440584248382,0.9218739847562047,-0.10541287772092366,0.05806379337814868,-0.016390408969459203,0.005619545820168386,-0.11709975664852462,0.31240392599808875,0.12524853423797214,0.07137584339432315,-0.21519038651161648,-0.08175018922004612,0.47825474889805625,-0.6178206490437568,0.49286389030090977,0.062351339396293025,0.06281410999971239,-0.2348541643176924,-0.23448868318727206,-0.23405595822849506,-0.16887025303276798,-0.5673479191956103,-0.5610630356772686],[0.4443686888037049,0.447687314637091,-0.04272632167496841,-0.012582138699835467,0.10729294798571684,0.3169763937115872,-0.018922174252025702,-0.08045098106061573,0.705001464052652,0.39615018622086823,0.30077902742040613,0.5461064721801082,-0.15572700913206178,-1.1340683230922952,-0.08120971845348814,0.08320026895757084,-0.18498495482729202,1.0939083413186623,-0.2826247517297622,-0.04034219362293259,-0.3384714021416646,-0.3005141080621574,-0.1700377745659282,-0.16922063102738225,0.14850116274505523,-0.20669442784707992,-0.4569440584248386,0.9218739847562043,-0.10541287772092366,0.05806379337814868,-0.016390408969459203,0.005619545820168386,-0.11709975664852462,0.3124039259980885,0.12524853423797214,0.07137584339432315,-0.21519038651161648,0.5903759810799792,0.20590203842561966,-0.6178206490437568,0.4566570698430939,0.49673275850484705,0.06281410999971239,-0.2348541643176924,-0.23448868318727206,-0.23405595822849506,-0.08642935776622047,-0.16494385874856765,-0.5610630356772686],[0.4443686888037049,0.447687314637091,-0.04272632167496841,-0.012582138699835467,0.10729294798571684,0.3169763937115872,-0.018922174252025702,-0.08045098106061573,0.6660908648315633,0.254448532047659,0.15390423273693268,0.6527184975256501,-0.07628217853319111,-1.1340683230922952,-0.08120971845348814,0.08320026895757084,-0.18498495482729202,1.0939083413186623,-0.2826247517297622,-0.04034219362293259,-0.3384714021416646,-0.3005141080621574,-0.1700377745659282,-0.16922063102738225,0.14850116274505523,-0.20669442784707992,-0.4569440584248386,0.9218739847562043,-0.10541287772092366,0.05806379337814868,-0.016390408969459203,0.005619545820168386,-0.11709975664852462,0.3124039259980885,0.12524853423797214,0.07137584339432315,-0.21519038651161648,0.69657375777213,-0.39124286859211943,-0.10839590538228001,0.39513168866103854,0.46037648863126107,0.49999130461897856,-0.2348541643176924,-0.23448868318727206,-0.23405595822849506,0.5875370706956852,-0.08305350757648847,-0.16117957466721297],[0.4443686888037049,0.447687314637091,-0.04272632167496841,-0.012582138699835467,0.10729294798571684,0.3169763937115872,-0.018922174252025702,-0.08045098106061573,0.6972688356889618,-0.028091822323447924,-0.08578570662869937,0.005569918344287452,-0.46165684107763355,-0.9126258440256445,-0.08120971845348814,0.08320026895757084,-0.18498495482729202,1.0939083413186623,-0.2826247517297622,-0.04034219362293259,-0.3384714021416646,-0.3005141080621574,-0.1700377745659282,-0.16922063102738225,0.14850116274505523,-0.20669442784707992,-0.4569440584248386,0.9218739847562043,-0.10541287772092366,0.05806379337814868,-0.016390408969459203,0.005619545820168386,-0.11709975664852462,0.3124039259980885,0.12524853423797214,0.07137584339432315,-0.21519038651161648,0.628440155802068,0.47825474889805625,-0.6178206490437568,0.25405366856756423,0.3985734855316508,0.46340103769924357,-0.2348541643176924,-0.23448868318727206,-0.23405595822849506,0.6940256132201559,0.5864121420442858,-0.07980217252658665],[0.4443686888037049,0.447687314637091,-0.04272632167496841,-0.012582138699835467,0.10729294798571684,0.3169763937115872,-0.018922174252025702,-0.08045098106061573,0.48685792340769807,-0.9961007919718196,-0.4569628887282189,0.29009869595536114,-0.07628217853319111,-0.9126258440256445,-0.08120971845348814,0.08320026895757084,-0.18498495482729202,1.0939083413186623,-0.12020542769821678,0.1458816707126389,-0.20795031082680474,-0.3605825836305605,-0.19304351060630276,-0.29269607502934364,0.07311539072563536,-0.20669442784707992,-0.4569440584248386,0.9218739847562043,-0.10541287772092366,0.05806379337814868,-0.016390408969459203,0.005619545820168386,-0.11709975664852462,0.3124039259980885,0.2069173949175658,0.07137584339432315,0.01349130087864454,0.8764914197922571,-0.39124286859211943,0.20108823634888146,-0.027243215535575096,0.2567345755908475,0.4012002567137629,-0.2348541643176924,-0.23448868318727206,-0.23405595822849506,0.6257054638090565,