{"actions":[15,15,15,15,15,20,20,20,19,1,1,16,19,25,25,25,25,25,25,1],"cont_trajectory":[[-0.3594817139279269,-0.6548096118245464,0.13276113576479812,0.2665256292882457,0.03737036126915634,0.27038995811306105,-0.264462097110673,0.11348676821499683,0.6024956845364166,-0.15266149453566114,-0.33286727693066076,0.43530884063601955,-0.003225116970224428,0.005018431323325947,-0.08120971845348814,-0.05328820952829751,-0.18498495482729202,-0.03344894418468001,0.04221389633332865,-0.04034219362293259,-0.027673436654858503,-0.0001262326781954087,-0.1258837987258799,-0.04932647737956157,0.04758962597718356,-0.0904197195853401,-0.021196609167943716,-0.01818072990240822,-0.07678042917077156,0.01770223795306894,-0.016390408969459203,0.005619545820168386,-0.11709975664852462,-0.03841674439349549,-0.03808918712121517,0.07137584339432315,0.05672385222901149,0.5073770806150688,-0.29560007150689027,0.20108823634888146,-0.15126465213722876,-0.15204657051699813,-0.15296371258874236,0.09141530591538008,0.09220929129926445,0.09306777789384699,0.5043109221176125,0.5037417815184518,0.5033175177841956],[-0.3594817139279269,-0.6548096118245464,0.13276113576479812,0.2665256292882457,0.03737036126915634,0.27038995811306105,-0.264462097110673,0.11348676821499683,0.36490710916714975,-0.0894027437928584,-0.10702055449855087,0.1106216693372798,1.306573633507398,0.21308233092322287,1.103904894890098,0.6424037874090108,1.1692900185766808,0.506811590786386,0.12342355834910136,0.0838070492674484,0.4110851293359287,0.564624090148382,0.6963229116495804,0.291629720307048,-0.708755598117141,-0.0904197195853401,-0.021196609167943716,0.29300725081030193,0.4141333853162827,0.2824271799258484,-0.28336342131304254,0.041210154613269906,1.0714351604008132,0.8410607726142069,0.7785994196747215,-0.7584026285825338,0.05672385222901149,0.5073770806150688,-0.29560007150689027,0.6405421919664037,-0.15126465213722876,-0.15204657051699813,-0.15296371258874236,0.09141530591538008,0.09220929129926445,0.09306777789384699,0.5043109221176125,0.5037417815184518,0.5033175177841956],[-0.3594817139279269,-0.6548096118245464,0.13276113576479812,0.2665256292882457,0.03737036126915634,0.27038995811306105,-0.264462097110673,0.11348676821499683,0.2354803739994657,-0.32072315726449535,-0.28552375840501687,0.005569918344287452,1.306573633507398,0.21308233092322287,1.1758640634425925,0.6424037874090108,1.1692900185766808,0.506811590786386,0.12342355834910136,0.0838070492674484,0.4110851293359287,0.564624090148382,0.6963229116495804,0.291629720307048,-0.708755598117141,-0.0904197195853401,-0.021196609167943716,0.29300725081030193,0.4141333853162827,0.2824271799258484,0.24983128481914932,0.005619545820168386,1.1387107217432284,0.8288604542856814,0.7785994196747215,-0.3875421629984009,0.05672385222901149,0.5073770806150688,-0.3252590990888013,0.5584497414256945,-0.08828430543307222,-0.15204657051699813,-0.15296371258874236,0.09141530591538008,0.09220929129926445,0.09306777789384699,0.5043109221176125,0.5037417815184518,0.5033175177841956],[-0.3594817139279269,-0.6548096118245464,0.13276113576479812,0.2665256292882457,0.03737036126915634,0.27038995811306105,-0.264462097110673,0.11348676821499683,0.3104342069147053,0.17340667291605338,0.07685879389842938,0.005569918344287452,1.306573633507398,0.21308233092322287,1.1758640634425925,0.6424037874090108,1.1692900185766808,0.506811590786386,0.12342355834910136,0.0838070492674484,0.4110851293359287,0.564624090148382,0.6963229116495804,0.291629720307048,-0.708755598117141,-0.0904197195853401,-0.021196609167943716,0.29300725081030193,0.4141333853162827,0.2824271799258484,0.24983128481914932,0.005619545820168386,1.1387107217432284,0.8288604542856814,0.7785994196747215,-0.3875421629984009,0.05672385222901149,0.5073770806150688,-0.2592753295854831,0.5584497414256945,-0.318586669440001,-0.0883726566836711,-0.15296371258874236,0.09141530591538008,0.09220929129926445,0.09306777789384699,0.5043109221176125,0.5037417815184518,0.5033175177841956],[-0.3594817139279269,-0.6548096118245464,0.13276113576479812,0.2665256292882457,0.03737036126915634,0.27038995811306105,-0.264462097110673,0.11348676821499683,0.36490710916714975,-0.15266149453566114,-0.23934480703324967,0.27512350468987823,1.306573633507398,0.21308233092322287,0.9822102578232634,0.2755699749081123,1.1692900185766808,0.49405559111683467,0.10312114284515819,0.11484435999004365,0.4454722648397642,0.5694353791520136,0.6923872432009386,0.2641886267525534,-0.6919970354142716,0.09304815790907056,0.5017003299403299,0.27586052159361313,0.40889808223203233,0.2803270281641023,0.18187781687270502,-0.17062230732907638,1.0938603475149515,0.6580544593701477,0.758182204504823,-0.43203383773306253,0.05672385222901149,0.5073770806150688,-0.29560007150689027,0.47374923877199493,0.17336847757462248,-0.3215832495885483,-0.08887997927158074,0.09141530591538008,0.09220929129926445,0.09306777789384699,0.5043109221176125,0.5037417815184518,0.5033175177841956],[-0.3594817139279269,-0.6548096118245464,0.13276113576479812,0.2665256292882457,0.03737036126915634,0.27038995811306105,-0.264462097110673,0.11348676821499683,0.36490710916714975,-0.4297475785836688,-0.5225262591554074,0.1361704857284341,2.3827183828243896,0.252711067516391,0.7827314122391684,0.2755699749081123,1.1692900185766808,0.4551559023358455,0.04221389633332865,0.2079562921578294,0.5448635669181691,0.5835920973555953,0.6804651391646866,0.18085821122173068,-0.6423985602590638,0.09304815790907056,0.5017003299403299,0.22370988774718564,0.39310341165393387,0.2740082796339857,0.11072552407755198,-0.36817188784954435,1.0490099732866747,0.44709858295688903,0.6969305589951278,-0.4791754184315748,0.12014626777766009,0.5073770806150688,-0.3252590990888013,0.47374923877199493,-0.15126465213722876,0.17552635465060407,-0.32359156746723294,0.09141530591538008,0.09220929129926445,0.09306777789384699,0.5043109221176125,0.5037417815184518,0.5033175177841956],[-0.3594817139279269,-0.6548096118245464,0.13276113576479812,0.2665256292882457,0.03737036126915634,0.27038995811306105,-0.264462097110673,0.11348676821499683,0.4527038587346415,0.0018871544802698747,-0.33286727693066076,0.26005996191368047,2.3827183828243896,0.252711067516391,0.7827314122391684,0.2755699749081123,1.1692900185766808,0.4551559023358455,0.04221389633332865,0.2079562921578294,0.5448635669181691,0.5835920973555953,0.6804651391646866,0.18085821122173068,-0.6423985602590638,0.09304815790907056,0.5017003299403299,0.22370988774718564,0.39310341165393387,0.2740082796339857,0.11072552407755198,-0.36817188784954435,1.0490099732866747,0.44709858295688903,0.6969305589951278,-0.4791754184315748,0.12014626777766009,0.5073770806150688,-0.3252590990888013,0.47374923877199493,-0.42713127035725523,-0.15204657051699813,0.1767175448460074,0.1675157632426541,0.09220929129926445,0.09306777789384699,0.5043109221176125,0.5037417815184518,0.5033175177841956],[-0.3594817139279269,-0.6548096118245464,0.13276113576479812,0.2665256292882457,0.03737036126915634,0.27038995811306105,-0.264462097110673,0.11348676821499683,0.3768227474086298,0.041200625924270616,-0.15744251033858872,0.1781613762803035,2.3827183828243896,0.010489403231596132,0.7827314122391684,0.2755699749081123,1.1692900185766808,0.4551559023358455,0.04221389633332865,0.2079562921578294,0.5448635669181691,0.5835920973555953,0.6804651391646866,0.18085821122173068,-0.6423985602590646,0.09304815790907056,0.5017003299403299,0.22370988774718564,0.39310341165393387,0.2740082796339857,0.11072552407755198,-0.36817188784954435,1.0490099732866747,0.44709858295688903,0.6969305589951278,-0.4791754184315748,0.12014626777766009,0.5073770806150688,-0.2592753295854831,0.47374923877199493,0.002603822712312374,-0.4319157617523036,-0.15296371258874236,0.1675157632426541,0.16840969475276352,0.09306777789384699,0.5043109221176125,0.5037417815184518,0.5033175177841956],[-0.3594817139279269,-0.6548096118245464,0.13276113576479812,0.2665256292882457,0.03737036126915634,0.27038995811306105,-0.264462097110673,0.11348676821499683,