{"patient_index":1856,"num_observations":18,"mortality":true,"trajectory":[[0.44436868880370489,0.042698499389810435,-0.042726321674968412,-0.526071996775743,-0.035969050684134918,-0.24206083347072702,-1.0052880252792553,-0.31049698123684649,0.553647507666239,-0.12077699376506205,-0.5908206424731971,0.1361704857284341,0.83552406302181514,0.099341741419743584,-0.081209718453488136,-0.053288209528297513,0.77626654431091258,-0.033448944184680009,0.04221389633332865,-0.040342193622932593,-0.027673436654858503,-0.00012623267819540871,-0.1258837987258799,-0.04932647737956157,0.04758962597718356,-0.0904197195853401,-0.021196609167943716,-0.018180729902408221,-0.076780429170771561,0.017702237953068939,-0.016390408969459203,0.0056195458201683864,-0.11709975664852462,-0.038416744393495489,-0.038089187121215173,-0.42318927091718711,1.6040682828742161,0.28788470070341371,0.058123076282952442,0.20108823634888146,-0.11952047620201639,-0.1199442503253675,-0.12065477471808443,-0.2348541643176924,-0.23448868318727206,-0.23405595822849506,0.28421757967622485,0.2851182325517847,0.2860633943492325],[0.44436868880370489,0.042698499389810435,-0.042726321674968412,-0.526071996775743,-0.035969050684134918,-0.24206083347072702,-1.0052880252792553,-0.31049698123684649,0.650350027512051,-0.058515004716475749,-0.50920568986621184,0.1361704857284341,0.83552406302181514,0.099341741419743584,-0.081209718453488136,-0.053288209528297513,0.77626654431091258,0.86847337523128521,0.20463322036487408,0.33210553504821039,0.3709370592638665,0.075399223830555959,-0.26622524617173482,-0.16922063102738225,0.19780983540713731,-0.34900316953290467,0.85029828934584606,-0.018180729902408221,-0.076780429170771561,0.017702237953068939,-0.016390408969459203,0.0056195458201683864,-0.11709975664852462,-0.038416744393495489,0.043579673558378489,-0.42318927091718711,0.222261324741675,0.19772977584398072,-0.19329156008216494,0.29541332657989777,-0.11952047620201639,-0.1199442503253675,-0.12065477471808443,-0.2348541643176924,-0.23448868318727206,-0.23405595822849506,0.28421757967622485,0.2851182325517847,0.2860633943492325],[0.44436868880370489,0.042698499389810435,-0.042726321674968412,-0.526071996775743,-0.035969050684134918,-0.24206083347072702,-1.0052880252792553,-0.31049698123684649,0.78850630950216138,-0.058515004716475749,-0.53595585090015319,0.65271849752565014,0.89164830192617384,0.099341741419743584,0.68069598985075375,-0.053288209528297513,0.77626654431091258,0.86847337523128521,0.20463322036487408,0.33210553504821039,0.3709370592638665,0.075399223830555959,-0.26622524617173482,-0.16922063102738225,0.19780983540713731,-0.34900316953290467,0.85029828934584606,-0.018180729902408221,-0.076780429170771561,0.017702237953068939,-0.34658165595916407,0.56621570839673419,0.28655361140596747,0.39561163272881211,0.043579673558378489,-0.663349996639857,0.32020723785078381,0.11398075000496849,-0.29560007150689027,0.38617509441090103,-0.057532504407987468,-0.1199442503253675,-0.12065477471808443,0.29004346055183922,-0.23448868318727206,-0.23405595822849506,0.19381581375682805,0.2851182325517847,0.2860633943492325],[0.44436868880370489,0.042698499389810435,-0.042726321674968412,-0.526071996775743,-0.035969050684134918,-0.24206083347072702,-1.0052880252792553,-0.31049698123684649,0.634505286892048,0.031440832921154245,-0.45696288872821889,0.5999061860722682,0.26506939458805046,0.099341741419743584,0.73190992494627871,-0.053288209528297513,0.776266544310913,0.58930988177343391,0.25877299504205514,0.37348861601167105,0.3709370592638665,0.075399223830555959,-0.26622524617173482,-0.16922063102738225,0.19780983540713731,-0.34900316953290467,0.85029828934584606,-0.075361629831451657,0.53958762532190852,-0.26126159309514291,-0.32894479259611686,0.58446483925876935,0.33140398563424434,0.39561163272881211,0.043579673558378489,-0.650052695450233,0.41431112982701929,0.84813695990269056,-0.39124286859211943,0.47374923877199493,-0.057532504407987468,-0.057306306356844056,-0.12065477471808443,0.40756860866328554,0.29109831315403434,-0.23405595822849506,0.10983748598737475,0.19532017378762337,0.2860633943492325],[0.44436868880370489,0.042698499389810435,-0.042726321674968412,-0.526071996775743,-0.035969050684134918,-0.24206083347072702,-1.0052880252792553,-0.31049698123684649,0.69726883568896181,0.0018871544802698747,-0.40627265168946747,0.54610647218010822,-0.46165684107763355,-0.11710390172804008,0.80799685856040371,0.18906895776130106,0.77626654431091258,-0.18359653664697087,0.36705254439641954,0.45625477793859143,0.3709370592638665,0.075399223830555959,-0.26622524617173482,-0.16922063102738225,0.19780983540713731,-0.34900316953290467,0.85029828934584606,-0.075361629831451657,0.53958762532190852,-0.26126159309514291,-0.0894950227124634,0.62055296776945645,0.37625435986252126,0.35496820948652746,0.043579673558378489,-0.47513372959369632,0.222261324741675,0.84871328784483357,-0.39124286859211943,0.47374923877199493,0.03202743435076736,-0.057306306356844056,-0.057613678998392745,0.52048372162007206,0.40877781228649018,0.29221599730079562,0.84600379014575677,0.11190265715768177,0.19682781732571766],[0.44436868880370489,0.042698499389810435,-0.042726321674968412,-0.526071996775743,-0.035969050684134918,-0.24206083347072702,-1.0052880252792553,-0.31049698123684649,0.53713296176238412,-0.15266149453566114,-0.50920568986621184,0.49126181088422627,0.4047186202648046,-0.11710390172804008,0.88322078376947877,0.18906895776130106,0.77626654431091258,-0.18359653664697087,0.36705254439641954,0.45625477793859143,0.3709370592638665,0.075399223830555959,-0.26622524617173482,-0.16922063102738225,0.19780983540713731,-0.34900316953290467,0.85029828934584606,-0.075361629831451657,0.53958762532190852,-0.26126159309514291,0.11072552407755198,0.656114177426452,0.42110473409079813,0.31240392599808853,0.043579673558378489,-0.33391913327071804,0.222261324741675,0.84680000458399318,-0.39124286859211943,0.47374923877199493,0.002603822712312374,0.033087693932119952,-0.057613678998392745,0.29004346055183922,0.521841221699417,0.41004885953912978,0.84658169605383282,0.84315280884112309,0.11393281566547765],[0.44436868880370489,0.042698499389810435,-0.042726321674968412,-0.526071996775743,-0.035969050684134918,-0.24206083347072702,-1.0052880252792553,-0.31049698123684649,0.45270385873464147,0.089341524249104076,-0.12847697672819691,0.5999061860722682,0.634482678540697,-0.11710390172804008,0.88322078376947877,0.18906895776130106,0.77626654431091258,-0.18359653664697087,0.36705254439641954,0.45625477793859143,0.3709370592638665,0.075399223830555959,-0.26622524617173482,-0.16922063102738225,0.19780983540713731,-0.34900316953290467,0.85029828934584606,-0.075361629831451657,0.53958762532190852,-0.26126159309514291,0.11072552407755198,0.656114177426452,0.42110473409079813,0.31240392599808853,0.043579673558378489,-0.33391913327071804,0.222261324741675,0.29909096826938036,-0.1207741098176098,0.47374923877199493,-0.15126465213722876,0.0034029238850511972,0.033362117198973217,0.29004346055183922,0.29109831315403434,0.52325961624497164,0.8446631742897287,0.84372685546693615,0.84060252469985031],[0.44436868880370489,0.042698499389810435,-0.042726321674968412,-0.526071996775743,-0.035969050684134918,-0.24206083347072702,-1.0052880252792553,-0.31049698123684649,0.58632643707251775,-0.0894027437928584,-0.43143231728139997,0.43530884063601955,0.30140033297533081,-0.11710390172804008,0.85824082339627306,0.18906895776130106,0.77626654431091258,-0.18359653664697087,0.36705254439641954,0.45625477793859143,0.3709370592638665,0.075399223830555959,-0.26622524617173482,-0.16922063102738225,0.19780983540713731,-0.34900316953290467,0.85029828934584606,-0.075361629831451657,0.53958762532190852,-0.26126159309514291,-0.016390408969459203,0.510609361778172,0.51080548254735192,0.25232990978990438,0.043579673558378489,-0.42318927091718711,0.222261324741675,0.84680000458399318,-0.1207741098176098,0.47374923877199493,0.089673302652387613,-0.15204657051699813,0.0034862893637766131,