{"patient_index":4922,"num_observations":9,"mortality":true,"trajectory":[[-0.35948171392792688,-0.32796450493444423,-0.236834776824227,-0.34552098511433788,-0.69622058566834466,-0.33523370466777941,-1.0052880252792553,-0.61029876558714324,0.68172981649710462,-0.35629894471805451,-0.61898374344907592,0.37817752532350574,0.757887605284176,0.005018431323325947,-0.081209718453488136,-0.053288209528297513,0.56079021347808966,-0.033448944184680009,0.04221389633332865,-0.040342193622932593,-0.027673436654858503,-0.00012623267819540871,-0.1258837987258799,-0.04932647737956157,0.04758962597718356,-0.0904197195853401,-0.021196609167943716,-0.018180729902408221,-0.076780429170771561,0.017702237953068939,-0.016390408969459203,0.0056195458201683864,-0.11709975664852462,-0.038416744393495489,-0.038089187121215173,-0.33553578522352534,0.12014626777766009,0.17488783042218548,-0.061324021075528617,0.20108823634888146,-0.3540058865726356,-0.35755176241216707,-0.35979158164630881,0.1675157632426541,0.16840969475276352,0.16936748777394509,0.17091132788005109,0.17256864512213729,0.17421880086619962],[-0.35948171392792688,-0.32796450493444423,-0.236834776824227,-0.34552098511433788,-0.69622058566834466,-0.33523370466777941,-1.0052880252792553,-0.61029876558714324,0.650350027512051,-0.32072315726449535,-0.30904442343807365,0.071777676019202125,0.59120631694349413,-0.23460841255836554,-0.081209718453488136,0.64240378740901083,0.56079021347808966,-0.033448944184680009,0.04221389633332865,-0.040342193622932593,0.16948060897845818,-0.00012623267819540871,-0.1258837987258799,-0.04932647737956157,0.04758962597718356,-0.0904197195853401,-0.021196609167943716,-0.018180729902408221,-0.076780429170771561,0.017702237953068939,-0.016390408969459203,0.0056195458201683864,-0.11709975664852462,-0.038416744393495489,-0.038089187121215173,-0.33553578522352534,0.12014626777766009,0.17488783042218548,-0.061324021075528617,0.47374923877199493,-0.3540058865726356,-0.35755176241216707,-0.35979158164630881,0.1675157632426541,0.16840969475276352,0.16936748777394509,0.17091132788005109,0.17256864512213729,0.17421880086619962],[-0.35948171392792688,-0.32796450493444423,-0.236834776824227,-0.34552098511433788,-0.69622058566834466,-0.33523370466777941,-1.0052880252792553,-0.61029876558714324,0.712709813968541,-0.028091822323447924,-0.28552375840501687,0.85507847213669541,0.67663440182407386,-0.23460841255836554,-0.081209718453488136,0.64240378740901083,0.56079021347808966,-0.033448944184680009,0.04221389633332865,-0.040342193622932593,0.16948060897845818,-0.00012623267819540871,-0.1258837987258799,-0.04932647737956157,0.04758962597718356,-0.0904197195853401,-0.021196609167943716,-0.018180729902408221,-0.076780429170771561,0.017702237953068939,-0.016390408969459203,0.0056195458201683864,-0.11709975664852462,-0.038416744393495489,-0.038089187121215173,-0.33553578522352534,0.099191185366928392,0.17488783042218548,-0.089844557729672342,0.55844974142569448,-0.318586669440001,-0.35755176241216707,-0.35979158164630881,0.1675157632426541,0.16840969475276352,0.16936748777394509,0.17091132788005109,0.17256864512213729,0.17421880086619962],[-0.35948171392792688,-0.32796450493444423,-0.236834776824227,-0.34552098511433788,-0.69622058566834466,-0.33523370466777941,-1.0052880252792553,-0.61029876558714324,0.58632643707251775,-0.058515004716475749,-0.35700427445841459,0.5999061860722682,0.59120631694349413,-0.23460841255836554,-0.081209718453488136,0.64240378740901083,0.56079021347808966,-0.033448944184680009,0.04221389633332865,-0.040342193622932593,0.16948060897845818,-0.00012623267819540871,-0.1258837987258799,-0.04932647737956157,0.04758962597718356,-0.0904197195853401,-0.021196609167943716,-0.018180729902408221,-0.076780429170771561,0.017702237953068939,-0.016390408969459203,0.0056195458201683864,-0.11709975664852462,-0.038416744393495489,-0.038089187121215173,-0.33553578522352534,0.222261324741675,0.17488783042218548,-0.061324021075528617,0.47374923877199493,-0.027243215535575096,-0.32158324958854828,-0.35979158164630881,0.14237179259769844,0.16840969475276352,0.16936748777394509,0.17091132788005109,0.17256864512213729,0.17421880086619962],[-0.35948171392792688,-0.32796450493444423,-0.236834776824227,-0.34552098511433788,-0.69622058566834466,-0.33523370466777941,-1.0052880252792553,-0.61029876558714324,0.89096943294696163,-0.46772496612931852,-0.56315310302873767,0.85507847213669541,0.81001773716767567,-0.34385063232189472,1.1279781396096158,0.517927142197711,0.77626652773073046,-0.033448944184680009,0.04221389633332865,-0.040342193622932593,0.16948060897845818,-0.00012623267819540871,-0.1258837987258799,-0.04932647737956157,0.04758962597718356,-0.0904197195853401,-0.021196609167943716,-0.018180729902408221,-0.076780429170771561,0.017702237953068939,-0.40149749667858503,0.31479651828834049,0.95930922483012093,0.34100240415926086,-0.038089187121215173,-0.70527974988131648,0.222261324741675,0.17488783042218548,-0.1207741098176098,0.55844974142569448,-0.057532504407987468,-0.026721692420234602,-0.32359156746723294,0.29004346055183922,0.143232701409231,0.16936748777394509,0.17091132788005109,0.17256864512213729,0.17421880086619962],[-0.35948171392792688,-0.32796450493444423,-0.236834776824227,-0.34552098511433788,-0.69622058566834466,-0.33523370466777941,-1.0052880252792553,-0.61029876558714324,0.73569144806959919,-0.073899472120085019,-0.30313637726892062,0.91568763045108148,0.71774485942223976,-0.34385063232189472,1.1039048948900936,0.517927142197711,1.1692900185766808,-0.033448944184680009,0.04221389633332865,-0.040342193622932593,0.16948060897845818,-0.00012623267819540871,-0.1258837987258799,-0.04932647737956157,0.04758962597718356,-0.0904197195853401,-0.021196609167943716,-0.018180729902408221,-0.076780429170771561,0.017702237953068939,-0.43671532015725156,0.31479651828834049,0.914458850601844,0.44082137010003281,-0.038089187121215173,-0.88598699928275049,0.222261324741675,0.21272169497147844,-0.15485101970796342,0.55844974142569448,-0.46494151805354356,-0.057306306356844056,-0.026832215678068774,0.29004346055183922,0.29109831315403434,0.14415768309178262,0.17091132788005109,0.17256864512213729,0.17421880086619962],[-0.35948171392792688,-0.32796450493444423,-0.236834776824227,-0.34552098511433788,-0.69622058566834466,-0.33523370466777941,-1.0052880252792553,-0.61029876558714324,0.96178819530891457,0.20074039551710229,0.017289111531864007,0.755586226100785,0.98163818614774856,-0.34385063232189472,1.0311563961319323,0.517927142197711,1.1692900185766808,-0.033448944184680009,0.04221389633332865,-0.040342193622932593,0.16948060897845818,-0.00012623267819540871,-0.1258837987258799,-0.04932647737956157,0.04758962597718356,-0.0904197195853401,-0.021196609167943716,-0.018180729902408221,-0.076780429170771561,0.017702237953068939,-0.55185946333758451,0.31479651828834049,0.77990772791701335,0.68727139028451478,-0.038089187121215173,-1.0049707042208198,0.222261324741675,0.2622372906047199,-0.15485101970796342,0.55844974142569448,-0.072849264216879914,-0.47042697531448741,-0.057613678998392745,0.29004346055183922,0.29109831315403434,0.29221599730079562,0.20884878023935485,0.17256864512213729,0.17421880086619962],[-0.35948171392792688,-0.32796450493444423,-0.236834776824227,-0.34552098511433788,-0.69622058566834466,-0.33523370466777941,-1.0052880252792553,-0.61029876558714324,0.21629555387086002,-1.0185495872213093,-1.5345410299543745,0.37817752532350574,1.6264628700370709,-0.34385063232189472,1.0311563961319323,0.517927142197711,1.1692900185766808,-0.033448944184680009,0.04221389633332865,-0.040342193622932593,0.16948060897845818,-0.00012623267819540871,-0.1258837987258799,-0.04932647737956157,0.04758962597718356,-0.0904197195853401,-0.021196609167943716,-0.018180729902408221,-0.076780429170771561,0.017702237953068939,-0.55185946333758451,0.31479651828834049,0.77990772791701335,0.68727139028451478,-0.038089187121215173,-1.0049707042208198,0.222261324741675,0.14101442557833316,-0.39124286859211943,