{"patient_index":3292,"num_observations":9,"mortality":true,"trajectory":[[0.44436868880370489,-0.60816288893910053,-0.457157771718115,-0.56543681329428253,-0.85176062441841716,-0.42840657586483177,-0.757032951617568,-0.31049698123684649,0.31830388348918104,-0.21094937102428715,-0.31921653568966907,-0.2756128512368845,1.2320374070651925,0.23966926030277383,0.36481859414528522,-0.053288209528297513,1.1692900185766808,0.036578466784628,-0.36383441374553493,-0.28864067940369459,0.79948199814741883,-0.30051410806215739,-0.37527360755058314,-0.16922063102738225,0.04758962597718356,-0.090419719585340036,0.24025186038619306,-0.5883082814110957,-0.1346639519153697,-0.08976349890805721,0.867854174287504,0.4343304687324096,0.062301740264582961,0.84509109879933908,-0.038089187121215173,0.0027255706239326452,1.2537063588304809,0.87649141979225709,-0.39124286859211943,0.20108823634888146,-0.20929600158369863,-0.21078066220323344,-0.2120758299638234,1.5276727454518275,1.5303530318171399,1.5330857462285579,0.872991438835733,0.87298677700965932,0.87078574464265124],[0.44436868880370489,-0.60816288893910053,-0.457157771718115,-0.56543681329428253,-0.85176062441841716,-0.42840657586483177,-0.757032951617568,-0.31049698123684649,-0.02503459399529127,0.60623189653470044,-0.21666606424466098,-0.31987272203954403,0.71774485942223976,0.23966926030277383,0.36481859414528522,-0.57451609991524866,0.560790240017508,0.036578466784627471,-0.36383441374553493,-0.28864067940369459,0.69264853771139412,-0.30051410806215739,-0.37527360755058331,-0.16922063102738225,0.04758962597718356,-0.0904197195853401,0.24025186038619306,-0.5883082814110957,-0.1346639519153697,-0.08976349890805721,0.867854174287504,0.4343304687324096,0.062301740264582961,0.84509109879933908,-0.038089187121215173,0.29896469421860888,1.1020196099520922,0.11366726135528608,0.2685948264410622,-0.47550127393045616,-0.20929600158369863,-0.21078066220323344,-0.2120758299638234,1.5276727454518275,1.5303530318171399,1.5330857462285579,0.872991438835733,0.87298677700965932,0.87078574464265124],[0.44436868880370489,-0.60816288893910053,-0.457157771718115,-0.56543681329428253,-0.85176062441841716,-0.42840657586483177,-0.757032951617568,-0.31049698123684649,-0.13669392960371846,0.51429809042393138,-0.21666606424466098,-0.81270310740381313,0.4047186202648046,0.23966926030277383,-0.68455016577694816,-0.57451609991524866,0.40894822860624758,0.036578466784627471,-0.36383441374553493,-0.28864067940369459,0.18475615875308887,-0.30051410806215739,-0.37527360755058331,-0.16922063102738225,0.04758962597718356,-0.0904197195853401,0.24025186038619306,-0.5883082814110957,-0.1346639519153697,-0.08976349890805721,0.72511505844297175,-0.3090828968041564,-0.386202002018186,0.84509109879933908,-0.038089187121215173,0.28418077682920417,1.1013266592801854,0.10858294358528923,0.20590203842561966,-0.47550127393045616,0.6042888218071224,-0.21078066220323344,-0.2120758299638234,1.3456640524641208,1.5303530318171399,1.5330857462285579,0.10952313901663341,0.87298677700965932,0.87078574464265124],[0.44436868880370489,-0.60816288893910053,-0.457157771718115,-0.56543681329428253,-0.85176062441841716,-0.42840657586483177,-0.757032951617568,-0.31049698123684649,-0.42956625508476365,0.57723671177322433,-0.21666606424466098,-0.35943744672958017,0.18904837608197489,0.23966926030277383,-0.68455016577695382,-0.57451609991524866,0.082673764303908936,0.036578466784627471,-0.36383441374553493,-0.28864067940369459,0.18475615875308887,-0.30051410806215739,-0.37527360755058331,-0.16922063102738225,0.04758962597718356,-0.0904197195853401,0.24025186038619306,-0.5883082814110957,-0.1346639519153697,-0.08976349890805721,0.72511505844297175,-0.3090828968041564,-0.386202002018186,0.84509109879933908,-0.038089187121215173,0.50423193561954494,0.67631754298922564,0.075827828462899025,-0.061324021075528617,-0.22280853035561068,0.51275961968566419,0.60855802360495237,-0.2120758299638234,1.344832582035548,1.3481052986916693,1.5330857462285579,0.10442490056077834,0.11159040941048472,0.87078574464265124],[0.44436868880370489,-0.60816288893910053,-0.457157771718115,-0.56543681329428253,-0.85176062441841716,-0.42840657586483177,-0.757032951617568,-0.31049698123684649,-0.42956625508476365,0.57723671177322433,-0.21666606424466098,-0.35943744672958017,0.30140033297533081,0.23966926030277383,-0.58010435933927662,0.46793968085865389,0.082673764303908936,-0.057500668650307424,-0.44504407576130767,-0.2679491389219647,0.17968142462931019,-0.30051410806215739,-0.37527360755058331,-0.16922063102738225,0.04758962597718356,-0.0904197195853401,0.24025186038619306,-0.3704736566129303,-0.1346639519153697,-0.08976349890805721,0.90472758738857861,-0.25222611274495343,-0.32640150304715021,0.62100796587427554,-0.038089187121215173,0.651740723818364,0.67631754298922564,0.0087843277250011682,-0.15485101970796342,0.20108823634888146,0.57542124589729293,0.51670642129160116,0.61253630201860843,0.83486480742132807,1.3472727362558823,1.3506005029284394,0.071580103068305145,0.10652621722577928,0.1136225237919239],[0.44436868880370489,-0.60816288893910053,-0.457157771718115,-0.56543681329428253,-0.85176062441841716,-0.42840657586483177,-0.757032951617568,-0.31049698123684649,-0.42956625508476365,0.57723671177322433,-0.21666606424466098,-0.35943744672958017,0.30140033297533081,0.23966926030277383,-0.58010435933927662,0.46793968085865389,0.082673764303908936,-0.057500668650307424,-0.44504407576130767,-0.2679491389219647,0.17968142462931019,-0.30051410806215739,-0.37527360755058331,-0.16922063102738225,0.04758962597718356,-0.0904197195853401,0.24025186038619306,-0.3704736566129303,-0.1346639519153697,-0.08976349890805721,0.90472758738857861,-0.25222611274495343,-0.32640150304715021,0.62100796587427554,-0.038089187121215173,0.651740723818364,-0.21519038651161648,-0.567969233264578,-0.39124286859211943,-0.22280853035561068,0.57542124589729293,0.57959496969340263,0.52009352234575068,0.83486480742132807,0.83663519820840071,1.3497668554747697,0.0043530395487663548,0.0739007588032546,0.1085900529570363],[0.44436868880370489,-0.60816288893910053,-0.457157771718115,-0.56543681329428253,-0.85176062441841716,-0.42840657586483177,-0.757032951617568,-0.31049698123684649,-0.42956625508476365,0.57723671177322433,-0.21666606424466098,-0.35943744672958017,0.30140033297533081,0.23966926030277383,1.1519643199627954,0.64240378740901083,0.082673764303908936,0.22972093624846884,-0.60746339979285313,0.052769738544853159,0.15016526279271644,-0.30051410806215739,-0.37527360755058331,-0.16922063102738225,0.04758962597718356,-0.0904197195853401,0.24025186038619306,-0.10215536952483377,-0.1346639519153697,-0.08976349890805721,-0.15222550143036476,0.92403451621259,0.55565585677562879,0.50757608244153618,-0.038089187121215173,-0.20922924796950665,-0.21519038651161648,-0.567969233264578,-0.39124286859211943,0.20108823634888146,0.57542124589729293,0.57959496969340263,0.58338683544463976,-0.2348541643176924,0.83663519820840071,0.83846384077765623,-0.57397965270352036,0.0071226407092775156,0.076168955574109243],[0.44436868880370489,-0.60816288893910053,-0.457157771718115,-0.56543681329428253,-0.85176062441841716,-0.42840657586483177,-0.757032951617568,-0.31049698123684649,-0.42956625508476365,0.57723671177322433,-0.21666606424466098,-0.35943744672958017,0.30140033297533081,0.23966926030277383,1.0554946679904349,0.64240378740901083,0.082673764303908936,0.13610781393684479,-0.48564890676919403,0.0838070492674484,0.24803377144535854,-0.30051410806215739,-0.37527360755058331,-0.16922063102738225,0.04758962597718356,-0.0904197195853401,0.24025186038619306,-0.7530557506979626,-0.16457557099465736,-0.68667724619261872,-0.10368672568597465,0.673704258621553,0.60050623100390577,0.82886045428568145,-0.038089187121215173,-0.17030211060622588,-0.21519038651161648,-0.567969233264578,-0.39124286859211943,0.47374923877199493,0.57542124589729293,0.57959496969340263,0.58338683544463976,-0.2348541643176924,-0.23448868318727206,0.83846384077765623,