{"patient_index":1996,"num_observations":19,"mortality":true,"trajectory":[[0.44436868880370489,-0.70009335406635753,-0.042726321674968412,0.24275555069190644,0.019375213569386141,0.41014926490863962,-0.018922174252025702,-0.080450981060615726,-0.22151645857177993,-0.34977625920964794,-0.37699527968310037,-0.10712093122907375,-0.04311481587088465,0.005018431323325947,0.629083498723828,-0.053288209528297513,-0.18498495482729202,-0.033448944184680009,0.04221389633332865,-0.040342193622932593,-0.027673436654858503,-0.00012623267819540871,-0.1258837987258799,-0.04932647737956157,0.04758962597718356,-0.0904197195853401,-0.021196609167943716,-0.018180729902408221,-0.076780429170771561,0.017702237953068939,1.0612025068286381,0.099057971412349649,0.60050623100390577,0.92212745427864551,-0.038089187121215173,1.0390532256950258,1.0224216425059827,0.70908970523675618,-0.39124286859211943,-0.00018175412481229403,-0.34751190763789724,-0.35095471706327491,-0.35315207624498779,1.2501545756873491,1.2524703850573955,1.254840955288298,0.70657582891520243,0.70465595395543634,0.70297319360122867],[0.44436868880370489,-0.70009335406635753,-0.042726321674968412,0.24275555069190644,0.019375213569386141,0.41014926490863962,-0.018922174252025702,-0.080450981060615726,-0.29308285854941013,0.6463074300532029,0.48948772971988475,-0.062615493759274263,-0.46165684107763355,0.005018431323325947,0.2560920339034416,0.64240378740901083,1.1692900185766808,0.90835797017243514,0.28584288238064681,0.14588167071263891,0.090650064774796507,-0.00012623267819540871,-0.1258837987258799,-0.04932647737956157,0.04758962597718356,-0.0904197195853401,-0.021196609167943716,-0.21283591713337671,-0.076780429170771561,0.017702237953068939,1.237780366639875,-0.25222611274495343,0.46595510831907505,1.0133344279760432,-0.038089187121215173,0.22957966827471996,1.0224216425059827,0.18441421583564024,-0.39124286859211943,0.38617509441090103,-0.34751190763789724,-0.35095471706327491,-0.35315207624498779,1.2501545756873491,1.2524703850573955,1.254840955288298,0.70657582891520243,0.70465595395543634,0.70297319360122867],[0.44436868880370489,-0.70009335406635753,-0.042726321674968412,0.24275555069190644,0.019375213569386141,0.41014926490863962,-0.018922174252025702,-0.080450981060615726,-0.29308285854941013,0.6463074300532029,0.48948772971988475,-0.062615493759274263,-0.46165684107763355,0.005018431323325947,0.2834412340556059,0.64240378740901083,0.082673764303908936,0.90835797017243514,0.20463322036487408,0.17691898143523416,-0.036537600091099055,-0.00012623267819540871,-0.1258837987258799,-0.04932647737956157,0.04758962597718356,-0.0904197195853401,-0.021196609167943716,-0.24145456850019023,-0.076780429170771561,0.017702237953068939,1.0514174729500607,-0.33833185867307641,0.51080548254735192,1.1260784332542058,-0.038089187121215173,0.77239621893791133,1.0224216425059827,0.18441421583564024,-0.39124286859211943,0.29541332657989777,0.64418798146032652,-0.35095471706327491,-0.35315207624498779,1.2501545756873491,1.2524703850573955,1.254840955288298,0.18046379620663289,0.70465595395543634,0.70297319360122867],[0.44436868880370489,-0.70009335406635753,-0.042726321674968412,0.24275555069190644,0.019375213569386141,0.41014926490863962,-0.018922174252025702,-0.080450981060615726,-0.14980062936412941,0.20074039551710229,0.21927623848217287,-0.23364961229820716,-0.46165684107763355,0.63796395832112607,0.74210542524550838,0.64240378740901083,0.082673764303908936,0.9083579701724348,0.12342355834910136,0.2079562921578294,-0.17761739107162822,-0.00012623267819540871,-0.1258837987258799,-0.04932647737956157,0.04758962597718356,-0.0904197195853401,-0.021196609167943716,-0.28810860351543027,-0.21392725399673365,-0.12803940094238028,0.51309492002311929,0.05292302283573512,0.6902069794604595,1.1504723216432116,-0.038089187121215173,0.33051971628311827,0.54452251514645134,0.19514012216187232,-0.39124286859211943,-1.4420871989982291,0.64418798146032652,0.64858020004886829,-0.35315207624498779,1.2501545756873491,1.2524703850573955,1.254840955288298,0.18046379620663289,0.18205732162540381,0.70297319360122867],[0.44436868880370489,-0.70009335406635753,-0.042726321674968412,0.24275555069190644,0.019375213569386141,0.41014926490863962,-0.018922174252025702,-0.080450981060615726,-0.33455893530192937,-0.1072698344333211,-0.046914712817980431,-0.28109169012534657,-0.46165684107763355,0.49263152173955027,0.833166420604273,0.64240378740901083,0.082673764303908936,0.8216191453951196,0.19303184007690688,0.18135288296703336,-0.34345053936278447,0.45690489410060359,0.50222844686494317,0.291629720307048,-0.11009338319186621,-0.16553529203849393,-0.021196609167943716,-0.2999457082516146,-0.21392725399673365,-0.12803940094238028,0.30787101274229611,0.18814317460826924,0.6902069794604595,1.1435697867205323,0.69693055899512779,0.1629499132686322,0.27173404003805374,0.18336664878563205,-0.39124286859211943,-1.4420871989982291,0.2005819034787874,0.64858020004886829,0.65281607009942477,0.67672415942594211,1.2524703850573955,1.254840955288298,0.191219069692682,0.18205732162540381,0.18364804170516069],[0.44436868880370489,-0.70009335406635753,-0.042726321674968412,0.24275555069190644,0.019375213569386141,0.41014926490863962,-0.018922174252025702,-0.080450981060615726,-0.26729290798143784,-0.12077699376506205,-0.20542519455300276,-0.28109169012534657,-0.46165684107763355,0.32043739277069921,0.833166420604273,0.64240378740901083,0.082673764303908936,0.69799830909666039,0.28584288238064681,0.14588167071263891,-0.62223620172161531,0.45690489410060359,0.50222844686494317,0.291629720307048,-0.11009338319186621,-0.16553529203849385,-0.021196609167943716,-0.2999457082516146,-0.21392725399673385,-0.12803940094238028,0.30787101274229611,0.18814317460826924,0.6902069794604595,1.1435697867205323,0.69693055899512779,0.1629499132686322,0.01349130087864454,0.30919962292117759,-0.39124286859211943,-1.4420871989982291,-0.10607276236460528,0.20292395941529637,0.65281607009942477,0.34940569434106722,0.67828685704373615,1.254840955288298,0.179413360954345,0.19274077089990121,0.18364804170516069],[0.44436868880370489,-0.70009335406635753,-0.042726321674968412,0.24275555069190644,0.019375213569386141,0.41014926490863962,-0.018922174252025702,-0.080450981060615726,-0.18036129215620145,-0.22640417578322627,-0.28552375840501687,-0.13296713560674678,-0.46165684107763355,0.1023427317821997,0.833166420604273,0.64240378740901083,0.082673764303908936,0.69799830909666039,0.28584288238064681,0.14588167071263891,-0.62223620172161531,0.45690489410060359,0.50222844686494317,0.291629720307048,-0.11009338319186621,-0.16553529203849385,-0.021196609167943716,-0.2999457082516146,-0.21392725399673385,-0.12803940094238028,0.30787101274229611,0.18814317460826924,0.6902069794604595,1.1435697867205323,0.69693055899512779,0.1629499132686322,-0.019452123075287868,0.33628904324190972,-0.39124286859211943,-1.4420871989982291,-0.11952047620201639,-0.10635011425254068,0.204291486693926,0.039540635095500119,0.3505385100136521,0.67990913577229961,0.30559086141235647,0.18101390122809657,0.19426457143566428],[0.44436868880370489,-0.70009335406635753,-0.042726321674968412,0.24275555069190644,0.019375213569386141,0.41014926490863962,-0.018922174252025702,-0.080450981060615726,0.005821239526123699,-0.45496731193212292,-0.52699054403088164,-0.13296713560674678,-0.46165684107763355,0.01810177774614271,0.71488251729147279,0.64240378740901083,0.082673764303908936,0.74237750723462148,0.20463322036487408,0.14588167071263891,-0.88768231557630717,0.45690489410060359,0.50222844686494317,0.2916297203070487,-0.11009338319186621,-0.16553529203849385,-0.021196609167943716,-0.0094992838156010891,-0.21392725399673365,-0.12803940094238028,0.298341285094717,0.15889482784746517,0.60050623100390577,1.0374736079229041,0.69693055899512779,0.15518587215058394,0.01349130087864454,0.34226117163691544,-0.39124286859211943,-1.4420871989982291,-0.22468278919068874,-0.1199442503253675,-0.10697314375931222,1.187216313418502E-5,