{"patient_index":243,"num_observations":19,"mortality":false,"trajectory":[[0.44436868880370489,-0.57871318585278575,-0.457157771718115,0.35894832165178192,-0.21663567987356688,0.36356282931011341,-0.018922174252025702,-0.61029876558714324,0.21629555387086002,0.145737529566929,0.017289111531864007,-0.20570560404748198,0.18904837608197489,-0.21407559499208684,0.033140901178616171,0.18906895776130106,0.33033865517402866,-0.033448944184680009,0.04221389633332865,-0.040342193622932593,-0.027673436654858503,-0.00012623267819540871,-0.1258837987258799,-0.04932647737956157,0.04758962597718356,-0.0904197195853401,-0.021196609167943716,-0.018180729902408221,-0.076780429170771561,0.017702237953068939,1.4871273822498143,0.0056195458201683864,0.062301740264582961,-0.038416744393495489,-0.038089187121215173,0.91083593013545761,-0.21519038651161648,0.69657375777213,0.01399172925797749,-0.47550127393045616,0.14582110712116589,0.14778408527531345,0.14879672004933114,-0.2348541643176924,-0.23448868318727206,-0.23405595822849506,0.69402561322015588,0.69218954917865871,0.69058487653764833],[0.44436868880370489,-0.57871318585278575,-0.457157771718115,0.35894832165178192,-0.21663567987356688,0.36356282931011341,-0.018922174252025702,-0.61029876558714324,0.17735313350325016,-0.028091822323447924,0.096366427738236657,-0.20570560404748198,0.18904837608197489,-0.21407559499208684,-0.023787960283915412,0.18906895776130106,0.33033865517402866,-0.033448944184680009,0.04221389633332865,-0.040342193622932593,-0.027673436654858503,-0.00012623267819540871,-0.1258837987258799,-0.04932647737956157,0.04758962597718356,-0.0904197195853401,-0.021196609167943716,-0.018180729902408221,-0.076780429170771561,0.017702237953068939,1.0709476826383957,-0.018499142749739725,0.017451366036306065,-0.40365014465619242,-0.038089187121215173,0.5950590072773293,-0.21519038651161648,0.69657375777213,0.058123076282952442,-0.47550127393045616,0.14582110712116589,0.14778408527531345,0.14879672004933114,-0.2348541643176924,-0.23448868318727206,-0.23405595822849506,0.69402561322015588,0.69218954917865871,0.69058487653764833],[0.44436868880370489,-0.57871318585278575,-0.457157771718115,0.35894832165178192,-0.21663567987356688,0.36356282931011341,-0.018922174252025702,-0.61029876558714324,-0.12110508431323749,-1.377215127821444,-1.0480388939245964,-0.28109169012534657,0.4047186202648046,-0.21407559499208684,-0.081209718453488136,0.18906895776130106,0.082673764303908936,-0.9883294385676008,0.529471868427965,0.51832939938378186,-0.24971202475940693,-0.14107481542627148,-0.50116070203978524,-0.16922063102738225,-0.16451672711156307,-0.0904197195853401,-0.021196609167943716,0.2001768580315052,-0.36101729319326437,0.31288832884322204,0.56555058608009334,-0.042946022006520673,-0.027399008191970834,-0.40365014465619242,-0.038089187121215173,0.37344894414753294,-0.16767711737134225,-0.081750189220046121,0.20590203842561966,-0.34462510148629,-0.027243215535575096,0.14778408527531345,0.14879672004933114,-0.2348541643176924,-0.23448868318727206,-0.23405595822849506,0.69402561322015588,0.69218954917865871,0.69058487653764833],[0.44436868880370489,-0.57871318585278575,-0.457157771718115,0.35894832165178192,-0.21663567987356688,0.36356282931011341,-0.018922174252025702,-0.61029876558714324,0.013002959407345291,-0.22640417578322627,-0.23934480703324967,0.0055699183442874519,0.064774737932930287,-0.21407559499208684,0.033140901178621139,0.18906895776130106,0.082673764303908936,-0.9883294385676008,0.529471868427965,0.51832939938378186,-0.24971202475940693,-0.14107481542627148,-0.50116070203978524,-0.16922063102738225,-0.16451672711156307,-0.0904197195853401,-0.021196609167943716,0.2001768580315052,-0.36101729319326437,0.31288832884322204,0.14672991182024012,0.05292302283573512,0.017451366036306065,-0.372040711937861,-0.038089187121215173,0.031919303270599941,-0.14426872014073133,-0.081750189220046121,0.43049419001097255,-0.22280853035561068,-1.3704289808123062,-0.026721692420234602,0.14879672004933114,-0.17784306690978594,-0.23448868318727206,-0.23405595822849506,-0.086429357766220474,0.69218954917865871,0.69058487653764833],[0.44436868880370489,-0.57871318585278575,-0.457157771718115,0.35894832165178192,-0.21663567987356688,0.36356282931011341,-0.018922174252025702,-0.61029876558714324,0.13760752303986262,-0.058515004716475749,-0.26229406588292842,0.1361704857284341,0.30140033297533081,-0.1939421187656844,0.14555328111299021,0.18906895776130106,0.082673764303908936,-0.9883294385676008,0.529471868427965,0.51832939938378186,-0.24971202475940693,-0.14107481542627148,-0.50116070203978524,-0.16922063102738225,-0.16451672711156307,-0.0904197195853401,-0.021196609167943716,0.20017685803150567,-0.36101729319326437,0.31288832884322204,-0.45319026479228658,0.1441069352104849,0.062301740264582961,-0.34150299427711595,-0.038089187121215173,-0.44743001614517497,-0.098126111811682723,-0.081750189220046121,0.2685948264410622,-0.10839590538228001,-0.22468278919068874,-1.4259164063206136,-0.026832215678068774,-0.14975536764545316,-0.17740271056129359,-0.23405595822849506,-0.086429357766220474,-0.083053507576488467,0.69058487653764833],[0.44436868880370489,-0.57871318585278575,-0.457157771718115,0.35894832165178192,-0.21663567987356688,0.36356282931011341,-0.018922174252025702,-0.61029876558714324,0.13760752303986262,-0.60833544132738571,-0.45696288872821889,0.19888989642117794,0.4047186202648046,-0.1939421187656844,0.14555328111298524,0.18906895776130106,0.082673764303908936,-0.9883294385676008,0.529471868427965,0.51832939938378186,-0.24971202475940693,-0.14107481542627148,-0.50116070203978524,-0.16922063102738225,-0.16451672711156307,-0.0904197195853401,-0.021196609167943716,0.2001768580315052,-0.36101729319326437,0.31288832884322204,-0.45319026479228658,0.1441069352104849,0.062301740264582961,-0.34150299427711595,-0.038089187121215173,-0.44743001614517497,-0.064092325791814952,0.51722217398312809,-0.089844557729672342,0.29541332657989777,-0.057532504407987468,-0.22636480625894789,-1.4350324582308209,-0.094388924003451211,-0.14927812246823838,-0.17689558961911636,-0.086429357766220474,-0.083053507576488467,-0.079802172526586654],[0.44436868880370489,-0.57871318585278575,-0.457157771718115,0.35894832165178192,-0.21663567987356688,0.36356282931011341,-0.018922174252025702,-0.61029876558714324,0.13760752303986262,-0.91354728807254215,-0.61898374344907592,0.19888989642117794,0.4047186202648046,-0.1939421187656844,0.11762830664229873,0.18906895776130106,0.082673764303908936,-0.9883294385676008,0.529471868427965,0.51832939938378186,-0.24971202475940693,-0.14107481542627148,-0.50116070203978524,-0.16922063102738225,-0.16451672711156307,-0.0904197195853401,-0.021196609167943716,0.2001768580315052,-0.36101729319326437,0.31288832884322204,0.0820881291670023,0.1441069352104849,0.017451366036306065,-0.4364092602359454,-0.038089187121215173,-0.020469798142067813,-0.0528541708911902,0.38697792325099362,-0.39124286859211943,0.20108823634888146,-0.60493316148981591,-0.057306306356844056,-0.22776027703985532,-0.053551837331723064,-0.093838963605339956,-0.14873434880223674,0.51418297101013377,-0.083053507576488467,-0.079802172526586654],[0.44436868880370489,-0.57871318585278575,-0.457157771718115,0.35894832165178192,-0.21663567987356688,0.36356282931011341,-0.018922174252025702,-0.61029876558714324,0.034374708226708781,-0.30902322821543132,-0.35700427445841459,0.26005996191368047,-0.076282178533191108,-0.1939421187656844,0.089585255818523876,0.18906895776130106,0.082673764303908936,-0.9883294385676008,0.529471868427965,0.51832939938378186,-0.24971202475940693,-0.14107481542627148,-0.50116070203978524,-0.16922063102738225,-0.16451672711156307,-0.0904197195853401,-0.021196609167943716,0.20017685803150567,-0.36101729319326437,0.31288832884322204,0.46431503046367417,0.1441069352104849,-0.027399008191970834,-0.5425054390335734,-0.038089187121215173,0.29063150290888745,-0.03053455240812749,0.62611319555394285,0.72496977788429018,-0.34462510148629,