{"patient_index":3584,"num_observations":18,"mortality":true,"trajectory":[[-0.35948171392792688,0.19062974170879271,0.44434490324639292,-0.69215684441417014,-0.45457239539256977,0.13063065131748247,-1.0052880252792553,-0.080450981060615726,-0.030537215188902914,0.86487222553797183,0.115707097846564,-0.13296713560674678,-0.46165684107763355,-0.76425295832416784,1.2234067160538138,-0.053288209528297513,1.1692900185766808,1.0939083413186623,0.04221389633332865,-0.040342193622932593,-0.027673436654858503,-0.00012623267819540871,-0.1258837987258799,-0.04932647737956157,0.04758962597718356,-0.0904197195853401,-0.021196609167943716,-0.018180729902408221,-0.076780429170771561,0.017702237953068939,1.0999488448925139,-0.1973661829077632,1.3181122186563361,1.5240709490966557,-0.038089187121215173,0.14541895947240105,0.41431112982701929,0.722614750121643,-0.23838323239963596,0.20108823634888146,0.861790865414211,0.86668938136967033,0.87232905066433253,0.52048372162007206,0.521841221699417,0.52325961624497164,0.72013790490427632,0.71812746177660791,0.71636031789259269],[-0.35948171392792688,0.19062974170879271,0.44434490324639292,-0.69215684441417014,-0.45457239539256977,0.13063065131748247,-1.0052880252792553,-0.080450981060615726,-0.030537215188902914,0.30694928142042055,0.115707097846564,0.0055699183442874519,-0.46165684107763355,-0.76425295832416784,1.2234067160538138,-0.053288209528297513,0.560790240017508,1.0939083413186623,-0.2826247517297622,-0.35071530084888508,0.38442390572081336,0.0575810544184516,0.37301487273560469,0.50552618491015933,0.047589430447434161,0.2137363457776362,0.32740135023757211,-0.21283591713337671,0.78692301718994029,-0.0064869497822785732,1.0999488448925139,-0.1973661829077632,1.3181122186563361,1.5240709490966557,1.0236060017135025,0.46381123043437811,0.222261324741675,0.87649141979225709,-0.39124286859211943,0.20108823634888146,0.861790865414211,0.86668938136967033,0.87232905066433253,0.52048372162007206,0.521841221699417,0.52325961624497164,0.72013790490427632,0.71812746177660791,0.71636031789259269],[-0.35948171392792688,0.19062974170879271,0.44434490324639292,-0.69215684441417014,-0.45457239539256977,0.13063065131748247,-1.0052880252792553,-0.080450981060615726,-0.030537215188902914,0.10357698584417596,0.115707097846564,0.31979012637512144,0.30140033297533081,-0.76425295832416784,1.1159524397806804,-0.053288209528297513,0.560790240017508,1.0939083413186623,-0.2826247517297622,-0.35071530084888508,0.20738586950508314,0.0575810544184516,0.37301487273560469,0.50552618491015933,0.047589430447434161,0.2137363457776362,0.32740135023757211,-0.21283591713337671,0.78692301718994029,-0.0064869497822785732,0.86918172190318355,-0.4616330862635013,1.3181122186563361,1.6054400517445881,1.0236060017135025,0.29990876607762285,0.222261324741675,0.87649141979225709,-0.39124286859211943,0.29541332657989777,0.30632336025288021,0.86668938136967033,0.87232905066433253,0.29004346055183922,0.521841221699417,0.52325961624497164,0.872991438835733,0.71812746177660791,0.71636031789259269],[-0.35948171392792688,0.19062974170879271,0.44434490324639292,-0.69215684441417014,-0.45457239539256977,0.13063065131748247,-1.0052880252792553,-0.080450981060615726,-0.030537215188902914,0.43341082282814003,0.115707097846564,0.31979012637512144,0.45360383394754739,-0.76425295832416784,1.0797439514533751,-0.053288209528297513,0.560790240017508,1.0939083413186623,-0.2014150897139895,-0.35071530084888508,0.35734274279733363,0.066571135266689827,0.37301487273560469,0.39979374468787848,-0.24807790547095285,0.2246382395893409,0.41455084008895116,-0.22709485599295506,0.76941300006647428,-0.078541813612307235,0.66165012912718335,-0.544758518864236,1.3181122186563361,1.6071673320430637,1.0236060017135025,0.15212373592893988,0.59212147659141134,0.852033819001591,-0.270596354639252,0.38617509441090103,0.10384611346865778,0.309307669616406,0.87232905066433253,0.29004346055183922,0.29109831315403434,0.52325961624497164,0.872991438835733,0.87298677700965932,0.71636031789259269],[-0.35948171392792688,0.19062974170879271,0.44434490324639292,-0.69215684441417014,-0.45457239539256977,0.13063065131748247,-1.0052880252792553,-0.080450981060615726,-0.030537215188902914,0.17340667291605338,0.115707097846564,0.19888989642117794,1.4243241389428372,-0.045569233064207813,1.0797439514533751,-0.053288209528297513,0.082673764303908936,1.0585055626347259,-0.12020542769821678,-0.35071530084888508,0.4950537552777397,0.075399223830555959,0.37301487273560469,0.291629720307048,-0.57776596480772069,0.2353568995948952,0.50170032994032987,-0.24145456850019023,0.75176433815093713,-0.15568935415551571,0.22750932411679259,-0.49425542125171817,1.3181122186563361,1.5538513935731253,1.0236060017135025,0.097534023745110637,0.222261324741675,0.87649141979225709,-0.270596354639252,0.47374923877199493,0.432228339865624,0.10549500430838335,0.31135990613588971,0.73383807889635744,0.29109831315403434,0.29221599730079562,0.849911318709825,0.87298677700965932,0.87078574464265124],[-0.35948171392792688,0.19062974170879271,0.44434490324639292,-0.69215684441417014,-0.45457239539256977,0.13063065131748247,-1.0052880252792553,-0.080450981060615726,-0.030537215188902914,0.060586815828835884,0.115707097846564,0.26005996191368047,1.4243241389428372,-0.045569233064207813,1.0797439514533751,-0.053288209528297513,0.082673764303908936,1.0939083413186623,-0.079600596690330427,-0.38175261157148033,0.47602194287334648,0.084071054807507178,0.39602060877597928,0.34602619469397317,-0.42292629002774962,0.24589838353098981,0.54527507486601923,-0.22709485599295554,0.790408668539316,-0.16777221306962506,0.22750932411679259,-0.49425542125171817,1.3181122186563361,1.5538513935731253,1.0236060017135025,0.097534023745110637,0.507527527180671,0.868828886951069,-0.39124286859211943,0.47374923877199493,0.17336847757462248,0.43584118334801336,0.10623545714335657,0.29004346055183922,0.73547578677302616,0.29221599730079562,0.872991438835733,0.84703424274952377,0.87078574464265124],[-0.35948171392792688,0.19062974170879271,0.44434490324639292,-0.69215684441417014,-0.45457239539256977,0.13063065131748247,-1.0052880252792553,-0.080450981060615726,-0.030537215188902914,0.20074039551710229,0.115707097846564,0.26005996191368047,1.9429585649951566,-0.045569233064207813,1.3174816499504904,-0.053288209528297513,0.082673764303908936,1.0939083413186623,-0.038995765682444068,-0.41278992229407557,0.45678800571916439,0.092592063662405591,0.41839597070361739,0.39979374468787848,-0.27647528436991547,0.25626845360825934,0.58884981979170892,-0.21283591713337671,0.82840038289929052,-0.18000214127489494,0.60214776318837626,-0.6337176953396324,1.3181122186563361,1.6071673320430637,1.0236060017135025,0.40341987578418281,0.222261324741675,0.86939845184103393,-0.39124286859211943,0.38617509441090103,0.061045144738733848,0.17552635465060407,0.43870781772940654,0.632333931165819,0.29109831315403434,0.73717259566147131,0.86675237097331881,0.87298677700965932,0.84445964588110489],[-0.35948171392792688,0.19062974170879271,0.44434490324639292,-0.69215684441417014,-0.45457239539256977,0.13063065131748247,-1.0052880252792553,-0.080450981060615726,-0.030537215188902914,0.28084475565530059,0.115707097846564,0.26005996191368047,2.3827183828243896,-0.045569233064207813,1.3174816499504904,-0.053288209528297513,0.082673764303908936,1.0939083413186623,-0.038995765682444068,-0.38175261157148033,0.48556271693573044,0.084071054807507178,0.44017458461602765,0.39979374468787848,-0.0832462046511116,0.25626845360825934,0.63242456471739861,-0.18461206252094553,0.84376184210499428,-0.25903058458127715,0.60214776318837626,-0.6337176953396324,1.3181122186563361,1.6071673320430637,1.0236060017135025,0.40341987578418281,0.222261324741675,0.8696802698430155,-0.39124286859211943,0.38617509441090103,0.2005819034787874,0.062351339396293025,0.17671754484600741,0.29004346055183922,0.63383832911613847,0.29221599730079562,0.86732349531221453,0.86376282969057883,0.87078574464265124],[-0.35948171392792688,