{"patient_index":4410,"num_observations":15,"mortality":false,"trajectory":[[0.44436868880370489,0.447687314637091,-0.042726321674968412,-0.012582138699835467,0.10729294798571684,0.3169763937115872,-0.018922174252025702,-0.080450981060615726,0.023721021061815423,0.060586815828835884,0.115707097846564,0.0055699183442874519,-0.0032251169702244278,0.005018431323325947,-0.081209718453488136,-0.053288209528297513,-0.18498495482729202,-0.1067345928239699,0.12342355834910136,0.14588167071263891,-0.36192530078653595,-0.30051410806215739,-0.26622524617173482,-0.42009429622349159,0.38814108908577594,-0.0904197195853401,-0.021196609167943716,0.81023048178161328,-0.65795413556687832,-0.013490858525094577,-0.016390408969459203,0.0056195458201683864,-0.11709975664852462,0.31240392599808853,0.45192397695634678,0.071375843394323152,-0.21519038651161648,-0.567969233264578,-0.39124286859211943,-0.22280853035561068,0.061045144738733848,0.062351339396293025,0.062814109999712389,-0.2348541643176924,-0.23448868318727206,-0.23405595822849506,-0.57397965270352036,-0.56734791919561034,-0.56106303567726856],[0.44436868880370489,0.447687314637091,-0.042726321674968412,-0.012582138699835467,0.10729294798571684,0.3169763937115872,-0.018922174252025702,-0.080450981060615726,0.023721021061815423,0.060586815828835884,0.115707097846564,0.0055699183442874519,-0.0032251169702244278,0.005018431323325947,-0.081209718453488136,-0.053288209528297513,-0.18498495482729202,-0.1067345928239699,0.12342355834910136,0.14588167071263891,-0.36192530078653595,-0.30051410806215739,-0.26622524617173482,-0.42009429622349159,0.38814108908577594,-0.0904197195853401,-0.021196609167943716,0.81023048178161328,-0.65795413556687832,-0.013490858525094577,-0.016390408969459203,0.0056195458201683864,-0.11709975664852462,0.31240392599808853,0.45192397695634678,0.071375843394323152,-0.21519038651161648,-0.567969233264578,-0.39124286859211943,-0.22280853035561068,0.061045144738733848,0.062351339396293025,0.062814109999712389,-0.2348541643176924,-0.23448868318727206,-0.23405595822849506,-0.57397965270352036,-0.56734791919561034,-0.56106303567726856],[0.44436868880370489,0.447687314637091,-0.042726321674968412,-0.012582138699835467,0.10729294798571684,0.3169763937115872,-0.018922174252025702,-0.080450981060615726,0.69339334508838835,0.49431441215190663,0.53324732216581583,0.43530884063601955,0.1197432089941172,-1.2938981369279536,-0.081209718453488136,-0.053288209528297513,-0.18498495482729202,0.28917543939803214,0.072667519589243418,0.12260368767069248,-0.35896274547871693,-0.30051410806215739,-0.25356375808995391,-0.38785624906439942,0.35908623449147048,-0.20669442784707992,-0.4569440584248386,0.8244069969281369,-0.56991732445288756,-0.0043068389662176427,-0.016390408969459203,0.0056195458201683864,-0.11709975664852462,0.31240392599808836,0.41108954661654995,0.071375843394323152,-0.21519038651161648,-0.16396598049924338,-0.39124286859211943,-0.22280853035561068,0.061045144738733848,0.062351339396293025,0.062814109999712389,-0.2348541643176924,-0.23448868318727206,-0.23405595822849506,-0.57397965270352036,-0.56734791919561034,-0.56106303567726856],[0.44436868880370489,0.447687314637091,-0.042726321674968412,-0.012582138699835467,0.10729294798571684,0.3169763937115872,-0.018922174252025702,-0.080450981060615726,0.69726883568896181,0.45794753977996994,0.43937893947519246,0.31979012637512144,-0.2436017413899744,-1.1340683230922952,-0.081209718453488136,0.13908149642224404,-0.18498495482729202,1.0939083413186623,-0.2826247517297622,-0.040342193622932593,-0.3384714021416646,-0.30051410806215739,-0.1700377745659282,-0.16922063102738225,0.14850116274505523,-0.20669442784707992,-0.45694405842483821,0.92187398475620475,-0.10541287772092366,0.058063793378148681,-0.016390408969459203,0.0056195458201683864,-0.11709975664852462,0.31240392599808875,0.12524853423797214,0.071375843394323152,-0.21519038651161648,-0.081750189220046121,0.47825474889805625,-0.61782064904375678,0.49286389030090977,0.062351339396293025,0.062814109999712389,-0.2348541643176924,-0.23448868318727206,-0.23405595822849506,-0.16887025303276798,-0.56734791919561034,-0.56106303567726856],[0.44436868880370489,0.447687314637091,-0.042726321674968412,-0.012582138699835467,0.10729294798571684,0.3169763937115872,-0.018922174252025702,-0.080450981060615726,0.705001464052652,0.39615018622086823,0.30077902742040613,0.54610647218010822,-0.15572700913206178,-1.1340683230922952,-0.081209718453488136,0.083200268957570836,-0.18498495482729202,1.0939083413186623,-0.2826247517297622,-0.040342193622932593,-0.3384714021416646,-0.30051410806215739,-0.1700377745659282,-0.16922063102738225,0.14850116274505523,-0.20669442784707992,-0.4569440584248386,0.9218739847562043,-0.10541287772092366,0.058063793378148681,-0.016390408969459203,0.0056195458201683864,-0.11709975664852462,0.31240392599808853,0.12524853423797214,0.071375843394323152,-0.21519038651161648,0.59037598107997924,0.20590203842561966,-0.61782064904375678,0.4566570698430939,0.49673275850484705,0.062814109999712389,-0.2348541643176924,-0.23448868318727206,-0.23405595822849506,-0.086429357766220474,-0.16494385874856765,-0.56106303567726856],[0.44436868880370489,0.447687314637091,-0.042726321674968412,-0.012582138699835467,0.10729294798571684,0.3169763937115872,-0.018922174252025702,-0.080450981060615726,0.66609086483156332,0.254448532047659,0.15390423273693268,0.65271849752565014,-0.076282178533191108,-1.1340683230922952,-0.081209718453488136,0.083200268957570836,-0.18498495482729202,1.0939083413186623,-0.2826247517297622,-0.040342193622932593,-0.3384714021416646,-0.30051410806215739,-0.1700377745659282,-0.16922063102738225,0.14850116274505523,-0.20669442784707992,-0.4569440584248386,0.9218739847562043,-0.10541287772092366,0.058063793378148681,-0.016390408969459203,0.0056195458201683864,-0.11709975664852462,0.31240392599808853,0.12524853423797214,0.071375843394323152,-0.21519038651161648,0.69657375777213,-0.39124286859211943,-0.10839590538228001,0.39513168866103854,0.46037648863126107,0.49999130461897856,-0.2348541643176924,-0.23448868318727206,-0.23405595822849506,0.58753707069568517,-0.083053507576488467,-0.16117957466721297],[0.44436868880370489,0.447687314637091,-0.042726321674968412,-0.012582138699835467,0.10729294798571684,0.3169763937115872,-0.018922174252025702,-0.080450981060615726,0.69726883568896181,-0.028091822323447924,-0.085785706628699374,0.0055699183442874519,-0.46165684107763355,-0.91262584402564451,-0.081209718453488136,0.083200268957570836,-0.18498495482729202,1.0939083413186623,-0.2826247517297622,-0.040342193622932593,-0.3384714021416646,-0.30051410806215739,-0.1700377745659282,-0.16922063102738225,0.14850116274505523,-0.20669442784707992,-0.4569440584248386,0.9218739847562043,-0.10541287772092366,0.058063793378148681,-0.016390408969459203,0.0056195458201683864,-0.11709975664852462,0.31240392599808853,0.12524853423797214,0.071375843394323152,-0.21519038651161648,0.628440155802068,0.47825474889805625,-0.61782064904375678,0.25405366856756423,0.39857348553165078,0.46340103769924357,-0.2348541643176924,-0.23448868318727206,-0.23405595822849506,0.69402561322015588,0.58641214204428582,-0.079802172526586654],[0.44436868880370489,0.447687314637091,-0.042726321674968412,-0.012582138699835467,0.10729294798571684,0.3169763937115872,-0.018922174252025702,-0.080450981060615726,0.48685792340769807,-0.99610079197181955,-0.45696288872821889,0.29009869595536114,-0.076282178533191108,-0.91262584402564451,-0.081209718453488136,0.083200268957570836,-0.18498495482729202,1.0939083413186623,-0.12020542769821678,0.14588167071263891,-0.20795031082680474,-0.3605825836305605,-0.19304351060630276,-0.29269607502934364,0.07311539072563536,-0.20669442784707992,-0.4569440584248386,0.9218739847562043,-0.10541287772092366,0.058063793378148681,-0.016390408969459203,0.0056195458201683864,-0.11709975664852462,0.31240392599808853,0.20691739491756581,0.071375843394323152,0.01349130087864454,0.87649141979225709,-0.39124286859211943,