{"patient_index":975,"num_observations":17,"mortality":true,"trajectory":[[0.44436868880370489,-0.55093734393378679,0.44434490324639292,0.29002088157604689,0.037370361269156341,0.084044215718956289,0.19339350624469892,0.11348676821499683,-0.45859256201236026,-0.25164533739954559,0.115707097846564,0.1361704857284341,-0.46165684107763355,0.14346931359196183,-0.081209718453488136,0.64240378740901083,-0.18498495482729202,-0.033448944184680009,0.04221389633332865,-0.040342193622932593,-0.027673436654858503,-0.00012623267819540871,-0.1258837987258799,-0.04932647737956157,0.04758962597718356,-0.0904197195853401,-0.021196609167943716,-0.018180729902408221,-0.076780429170771561,0.017702237953068939,-0.016390408969459203,0.0056195458201683864,-0.11709975664852462,-0.038416744393495489,-0.038089187121215173,0.071375843394323152,-0.21519038651161648,-0.567969233264578,-0.39124286859211943,0.20108823634888146,-0.24981286354632729,-0.25182770467906079,-0.25338706034247727,-0.2348541643176924,-0.23448868318727206,-0.23405595822849506,-0.57397965270352036,-0.56734791919561034,-0.56106303567726856],[0.44436868880370489,-0.55093734393378679,0.44434490324639292,0.29002088157604689,0.037370361269156341,0.084044215718956289,0.19339350624469892,0.11348676821499683,-0.37334831695953241,-0.39262394268481393,0.115707097846564,0.0055699183442874519,-0.076282178533191108,0.14346931359196183,-0.081209718453488136,0.64240378740901083,0.082673764303908936,-0.033448944184680009,0.04221389633332865,-0.040342193622932593,-0.027673436654858503,-0.00012623267819540871,-0.1258837987258799,-0.04932647737956157,0.04758962597718356,-0.0904197195853401,-0.021196609167943716,-0.018180729902408221,-0.076780429170771561,0.017702237953068939,-0.016390408969459203,0.0056195458201683864,-0.11709975664852462,-0.038416744393495489,-0.038089187121215173,-0.10004591002210741,-0.21519038651161648,-0.567969233264578,-0.39124286859211943,0.29541332657989777,-0.24981286354632729,-0.25182770467906079,-0.25338706034247727,-0.2348541643176924,-0.23448868318727206,-0.23405595822849506,-0.57397965270352036,-0.56734791919561034,-0.56106303567726856],[0.44436868880370489,-0.55093734393378679,0.44434490324639292,0.29002088157604689,0.037370361269156341,0.084044215718956289,0.19339350624469892,0.11348676821499683,-0.42956625508476365,-0.46772496612931852,0.115707097846564,0.0055699183442874519,0.18904837608197489,0.14346931359196183,-0.081209718453488136,0.64240378740901083,0.082673764303908936,-0.033448944184680009,0.04221389633332865,-0.040342193622932593,-0.027673436654858503,-0.00012623267819540871,-0.1258837987258799,-0.04932647737956157,0.04758962597718356,-0.0904197195853401,-0.021196609167943716,-0.018180729902408221,-0.076780429170771561,0.017702237953068939,-0.016390408969459203,0.0056195458201683864,-0.11709975664852462,-0.038416744393495489,-0.038089187121215173,-0.10004591002210741,-0.21519038651161648,-0.567969233264578,-0.39124286859211943,0.29541332657989777,-0.39017101691603839,-0.25182770467906079,-0.25338706034247727,-0.2348541643176924,-0.23448868318727206,-0.23405595822849506,-0.57397965270352036,-0.56734791919561034,-0.56106303567726856],[0.44436868880370489,-0.55093734393378679,0.44434490324639292,0.29002088157604689,0.037370361269156341,0.084044215718956289,0.19339350624469892,0.11348676821499683,-0.48828640208265145,-0.91354728807254215,0.115707097846564,0.0055699183442874519,-0.076282178533191108,0.14346931359196183,0.31067811684765623,0.64240378740901083,0.33033865517402866,0.55682713608839451,-0.2826247517297622,-0.47486454373926612,-0.35012854077283012,-0.30051410806215739,-0.0839951492274544,0.18085821122173068,1.0249504644017191,0.2353568995948952,-0.28264507872208089,0.0031162055840318766,0.49198161635514781,-1.0163292939247095,-0.2945708540173963,0.4343304687324096,-0.027399008191970834,0.44709858295688903,-0.038089187121215173,-0.44226430130334643,-0.21519038651161648,0.50737708061506881,-0.39124286859211943,0.87329154771868989,-0.46494151805354356,-0.39431107551960942,-0.25338706034247727,-0.2348541643176924,-0.23448868318727206,-0.23405595822849506,-0.57397965270352036,-0.56734791919561034,-0.56106303567726856],[0.44436868880370489,-0.55093734393378679,0.44434490324639292,0.29002088157604689,0.037370361269156341,0.084044215718956289,0.19339350624469892,0.11348676821499683,-0.45859256201236026,-0.58743783489282986,0.115707097846564,0.1361704857284341,-0.2436017413899744,0.021346980540595563,0.31067811684765623,0.64240378740901083,0.33033865517402866,0.55682713608839451,-0.2826247517297622,-0.47486454373926612,-0.35012854077283012,-0.30051410806215739,-0.0839951492274544,0.18085821122173068,1.0249504644017191,0.2353568995948952,-0.28264507872208089,0.0031162055840318766,0.49198161635514781,-1.0163292939247095,-0.2945708540173963,0.4343304687324096,-0.027399008191970834,0.44709858295688903,-0.038089187121215173,-0.44226430130334643,-0.21519038651161648,-0.567969233264578,-0.39124286859211943,0.87329154771868989,-0.90880175991313938,-0.47042697531448741,-0.39678748587587442,-0.2348541643176924,-0.23448868318727206,-0.23405595822849506,0.50431092211761253,-0.56734791919561034,-0.56106303567726856],[0.44436868880370489,-0.55093734393378679,0.44434490324639292,0.29002088157604689,0.037370361269156341,0.084044215718956289,0.19339350624469892,0.11348676821499683,-0.42956625508476365,-0.71761783906977017,0.115707097846564,0.1361704857284341,-0.076282178533191108,0.021346980540595563,0.14555328111298524,0.64240378740901083,0.33033865517402866,0.55682713608839451,-0.2826247517297622,-0.47486454373926612,-0.35012854077283012,-0.30051410806215739,-0.0839951492274544,0.18085821122173068,1.0249504644017191,0.2353568995948952,-0.28264507872208089,0.0031162055840318766,0.49198161635514781,-1.0163292939247095,-0.2945708540173963,0.27343223972798025,-0.072249382420247726,0.44709858295688903,-0.038089187121215173,-0.44226430130334643,-0.21519038651161648,0.50737708061506881,-0.39124286859211943,0.87329154771868989,-0.58412752617326513,-0.927184955262835,-0.47339328454593693,-0.2348541643176924,-0.23448868318727206,-0.23405595822849506,-0.57397965270352036,0.50374178151845184,-0.56106303567726856],[0.44436868880370489,-0.55093734393378679,0.44434490324639292,0.29002088157604689,0.037370361269156341,0.084044215718956289,0.19339350624469892,0.11348676821499683,-0.518696064573974,-1.0548174652580955,-0.35700427445841459,0.1361704857284341,-0.46165684107763355,0.021346980540595563,-0.023787960283915412,0.64240378740901083,0.33033865517402866,0.55682713608839451,-0.2826247517297622,-0.47486454373926612,-0.35012854077283012,-0.30051410806215739,-0.0839951492274544,0.18085821122173068,1.0249504644017191,0.2353568995948952,-0.28264507872208089,0.0031162055840318766,0.49198161635514781,-1.0163292939247095,-0.2945708540173963,0.099057971412349649,-0.11709975664852462,0.44709858295688903,-0.038089187121215173,-0.44226430130334643,-0.21519038651161648,0.64742087500469858,-0.39124286859211943,0.87329154771868989,-0.71373460346675821,-0.59213662040990311,-0.93309106053179147,-0.2348541643176924,-0.23448868318727206,-0.23405595822849506,0.50431092211761253,-0.56734791919561034,0.50331751778419564],[0.44436868880370489,-0.55093734393378679,0.44434490324639292,0.29002088157604689,0.037370361269156341,0.084044215718956289,0.19339350624469892,0.11348676821499683,-0.683673169929176,-1.1722595954440946,-0.39382695564693609,0.1361704857284341,-0.46165684107763355,0.021346980540595563,-0.023787960283915412,0.64240378740901083,0.33033865517402866,0.55682713608839451,-0.2826247517297622,-0.47486454373926612,-0.35012854077283012,-0.30051410806215739,-0.0839951492274544,0.18085821122173,1.0249504644017182,0.2353568995948952,-0.28264507872208089,0.0031162055840318766,0.49198161635514748,-1.0163292939247095,-0.2945708540173963,0.099057971412349649,-0.11709975664852462,0.44709858295688881,-0.038089187121215173,-0.44226430130334643,-0.21519038651161648,-0.567969233264578,-0.39124286859211943,0.87329154771868989,