{"patient_index":3905,"num_observations":19,"mortality":true,"trajectory":[[0.44436868880370489,-0.33616183674524253,-0.042726321674968412,0.3362236629620125,0.46069599110511655,0.36356282931011341,-0.264462097110673,-0.61029876558714324,-0.052726076772437465,-0.23366065195305169,-0.24391270868058204,0.0055699183442874519,2.2956418417613262,0.005018431323325947,0.62908349872383706,0.64240378740901083,0.33033871207148569,0.90835797017243447,-0.2826247517297622,-0.53693916518445661,0.51388968433017468,0.274055093675279,0.32496280060410654,0.39979374468787776,-0.39300907736940477,-0.16553529203849385,-0.021196609167943716,-0.048892648572881704,0.672375280908921,0.92044249195960171,0.5092908805572659,-0.14430641661878707,0.6902069794604595,-0.038416744393495489,0.61526169831553412,0.16874452503040385,2.1768300307878707,0.049365813029782615,-0.39124286859211943,0.47374923877199493,-0.2319073293477365,-0.2336836780207654,-0.23512625468958057,-0.2348541643176924,-0.23448868318727206,-0.23405595822849506,0.045045635553968844,0.047543489684722315,0.049976784485718316],[0.44436868880370489,-0.33616183674524253,-0.042726321674968412,0.3362236629620125,0.46069599110511655,0.36356282931011341,-0.264462097110673,-0.61029876558714324,-0.1924830229904842,-0.4297475785836688,-0.38763681701057523,0.0055699183442874519,0.47743507245347966,0.005018431323325947,0.62908349872383229,0.64240378740901083,0.33033871207148569,0.90835797017243514,-0.2826247517297622,-0.53693916518445661,0.51388968433017468,0.274055093675279,0.32496280060410637,0.39979374468787848,-0.39300907736940638,-0.16553529203849385,-0.021196609167943716,-0.048892648572882183,0.67237528090892063,0.92044249195960171,0.46105928294154153,-0.25222611274495343,0.75748254080287492,-0.038416744393495489,0.61526169831553412,0.13212208975858761,-0.027204445440797944,0.049365813029782615,-0.39124286859211943,0.47374923877199493,-0.2319073293477365,-0.2336836780207654,-0.23512625468958057,-0.2348541643176924,-0.23448868318727206,-0.23405595822849506,0.045045635553968844,0.047543489684722315,0.049976784485718316],[0.44436868880370489,-0.33616183674524253,-0.042726321674968412,0.3362236629620125,0.46069599110511655,0.36356282931011341,-0.264462097110673,-0.61029876558714324,-0.0086310488957080066,-0.37436482646240787,-0.3209173475205499,0.038910289664990654,2.3827183828243896,0.005018431323325947,0.62908349872383229,0.64240378740901083,0.33033871207148569,0.90835797017243514,-0.2826247517297622,-0.53693916518445661,0.51388968433017468,0.274055093675279,0.32496280060410637,0.39979374468787848,-0.39300907736940638,-0.16553529203849385,-0.021196609167943716,-0.048892648572882183,0.67237528090892063,0.92044249195960171,0.30787101274229611,-0.6337176953396324,0.95930922483012093,-0.038416744393495489,0.61526169831553412,0.015785344635691992,0.033042405131802045,0.049365813029782615,-0.39124286859211943,0.47374923877199493,-0.42713127035725523,-0.2336836780207654,-0.23512625468958057,-0.009290127331212452,-0.23448868318727206,-0.23405595822849506,0.045045635553968844,0.047543489684722315,0.049976784485718316],[0.44436868880370489,-0.33616183674524253,-0.042726321674968412,0.3362236629620125,0.46069599110511655,0.36356282931011341,-0.264462097110673,-0.61029876558714324,0.034374708226708781,-0.32072315726449535,-0.23934480703324967,0.0055699183442874519,-0.15572700913206178,0.005018431323325947,0.60312584665009639,0.64240378740901083,0.33033871207148569,0.90835797017243514,-0.2826247517297622,-0.53693916518445661,0.51388968433017468,0.274055093675279,0.32496280060410637,0.39979374468787848,-0.39300907736940638,-0.16553529203849385,-0.021196609167943716,-0.048892648572882183,0.67237528090892063,0.92044249195960171,0.26819496136155874,-0.5973540371181999,0.914458850601844,-0.038416744393495489,0.61526169831553412,-0.01435189079070676,0.033042405131802045,0.049365813029782615,-0.34293939684077668,0.47374923877199493,-0.37199225972125677,-0.43191576175230362,-0.23512625468958057,0.062999974542721812,-0.0086284028863067609,-0.23405595822849506,0.045045635553968844,0.047543489684722315,0.049976784485718316],[0.44436868880370489,-0.33616183674524253,-0.042726321674968412,0.3362236629620125,0.46069599110511655,0.36356282931011341,-0.264462097110673,-0.61029876558714324,0.1575838408903403,-0.18508198190492234,-0.10702055449855087,0.1361704857284341,2.3827183828243896,0.005018431323325947,0.577066199610791,0.2755699749081123,0.33033871207148569,0.90835797017243514,-0.2826247517297622,-0.53693916518445661,0.51388968433017468,0.274055093675279,0.32496280060410637,0.39979374468787848,-0.39300907736940638,-0.16553529203849385,-0.021196609167943716,-0.048892648572882183,0.67237528090892063,0.92044249195960171,0.22750932411679259,-0.56204507296555439,0.86960847637356709,-0.038416744393495489,0.61526169831553412,-0.045258840226679135,0.076989583739588682,0.049365813029782615,-0.34293939684077668,0.29541332657989777,-0.318586669440001,-0.37582930030611555,-0.4346342042403139,0.062999974542721812,0.06375664080401687,-0.0079013307019138879,0.045045635553968844,0.047543489684722315,0.049976784485718316],[0.44436868880370489,-0.33616183674524253,-0.042726321674968412,0.3362236629620125,0.46069599110511655,0.36356282931011341,-0.264462097110673,-0.61029876558714324,0.14762196713995943,-0.37436482646240787,-0.38146818136423816,0.16773123961553135,2.3827183828243896,0.005018431323325947,0.577066199610791,0.2755699749081123,0.33033871207148569,0.90835797017243514,-0.2826247517297622,-0.53693916518445661,0.51388968433017468,0.274055093675279,0.32496280060410637,0.39979374468787848,-0.39300907736940638,-0.16553529203849385,-0.021196609167943716,-0.048892648572882183,0.67237528090892063,0.92044249195960171,0.22750932411679259,-0.56204507296555439,0.86960847637356709,-0.038416744393495489,0.61526169831553412,-0.045258840226679135,0.222261324741675,-0.081750189220046121,-0.39124286859211943,0.29541332657989777,-0.18354245577479283,-0.32158324958854828,-0.37818675784289207,0.11573212549226441,0.06375664080401687,0.0645780471349801,0.045045635553968844,0.047543489684722315,0.049976784485718316],[0.44436868880370489,-0.33616183674524253,-0.042726321674968412,0.3362236629620125,0.46069599110511655,0.36356282931011341,-0.264462097110673,-0.61029876558714324,0.21629555387086002,-0.32072315726449535,-0.30904442343807365,0.071777676019202125,2.3827183828243896,0.005018431323325947,0.577066199610791,0.2755699749081123,0.33033871207148569,0.90835797017243514,-0.2826247517297622,-0.53693916518445661,0.51388968433017468,0.274055093675279,0.32496280060410637,0.39979374468787848,-0.39300907736940638,-0.16553529203849385,-0.021196609167943716,-0.048892648572882183,0.67237528090892063,0.92044249195960171,0.22750932411679259,-0.56204507296555439,0.86960847637356709,-0.038416744393495489,0.61526169831553412,-0.045258840226679135,0.222261324741675,-0.567969233264578,-0.39124286859211943,0.29541332657989777,-0.37199225972125677,-0.18470731755306782,-0.32359156746723294,0.29004346055183922,0.1165580472403203,0.0645780471349801,-0.086429357766220474,0.047543489684722315,0.049976784485718316],[0.44436868880370489,-0.33616183674524253,-0.042726321674968412,0.3362236629620125,0.46069599110511655,0.36356282931011341,-0.264462097110673,-0.61029876558714324,0.19692170704101691,-0.35629894471805451,-0.38146818136423816,0.19888989642117794,-0.2436017413899744,0.005018431323325947,0.36481859414528522,0.2755699749081123,0.33033871207148569,0.77128395773594971,-0.2826247517297622,-0.61970532711137694,0.20488787865508196,0.31862632155503734,0.38842381331994474,0.32796500582317112,-0.35362101470017182,-0.0232265503526692,0.24025186038619306,-0.048892648572882183,1.2079353887613948,0.84382453102984178,0.20992429241469257,-0.58547173618060411,0.72010722894597767,1.5010711532454357,0.669707605435263,-0.058618305244828993,0.222261324741675,0.12833722964336991,-0.39124286859211943,0.29541332657989777,-0.318586669440001,-0.37582930030611555,-0.18583467146332117,0.29004346055183922,