{"patient_index":2234,"num_observations":14,"mortality":true,"trajectory":[[-0.35948171392792688,-0.38681411772806468,-0.042726321674968412,-0.040192746737488218,-0.17430051110426245,0.084044215718956289,-0.40594725951727817,-0.080450981060615726,0.2354803739994657,-0.12077699376506205,-0.48288127009859882,0.23983506052167278,0.3711520721955282,0.005018431323325947,-0.081209718453488136,0.517927142197711,-0.18498495482729202,-0.033448944184680009,0.04221389633332865,-0.040342193622932593,0.89863379600665028,-0.00012623267819540871,-0.1258837987258799,-0.04932647737956157,0.04758962597718356,-0.0904197195853401,-0.021196609167943716,-0.018180729902408221,-0.076780429170771561,0.017702237953068939,-0.016390408969459203,0.0056195458201683864,-0.11709975664852462,-0.038416744393495489,-0.038089187121215173,0.071375843394323152,-0.075383366322003709,0.10769884526976747,-0.17728121291115931,0.38617509441090103,-0.11952047620201639,-0.1199442503253675,-0.12065477471808443,-0.06709993922306548,-0.066514138983602353,-0.0658625050559949,0.10353838161470694,0.10564561849404829,0.10771497016534068],[-0.35948171392792688,-0.38681411772806468,-0.042726321674968412,-0.040192746737488218,-0.17430051110426245,0.084044215718956289,-0.40594725951727817,-0.080450981060615726,0.2919536887652488,-0.043246651480294634,-0.26229406588292842,0.16773123961553135,0.45360383394754739,0.005018431323325947,-0.081209718453488136,0.517927142197711,-0.18498495482729202,-0.033448944184680009,0.04221389633332865,-0.040342193622932593,0.89863379600665028,-0.00012623267819540871,-0.1258837987258799,-0.04932647737956157,0.04758962597718356,-0.0904197195853401,-0.021196609167943716,-0.018180729902408221,-0.076780429170771561,0.017702237953068939,-0.016390408969459203,0.0056195458201683864,-0.11709975664852462,-0.038416744393495489,-0.038089187121215173,0.071375843394323152,-0.03053455240812749,0.5652685339489133,-0.23838323239963596,0.38617509441090103,-0.11952047620201639,-0.1199442503253675,-0.12065477471808443,-0.06709993922306548,-0.066514138983602353,-0.0658625050559949,0.10353838161470694,0.10564561849404829,0.10771497016534068],[-0.35948171392792688,-0.38681411772806468,-0.042726321674968412,-0.040192746737488218,-0.17430051110426245,0.084044215718956289,-0.40594725951727817,-0.080450981060615726,0.33784830974241387,-0.013048022041944387,-0.12847697672819691,0.26005996191368047,0.45360383394754739,0.005018431323325947,-0.081209718453488136,0.517927142197711,-0.18498495482729202,-0.033448944184680009,0.04221389633332865,-0.040342193622932593,0.89863379600665028,-0.00012623267819540871,-0.1258837987258799,-0.04932647737956157,0.04758962597718356,-0.0904197195853401,-0.021196609167943716,-0.018180729902408221,-0.076780429170771561,0.017702237953068939,-0.016390408969459203,0.0056195458201683864,-0.11709975664852462,-0.038416744393495489,-0.038089187121215173,0.071375843394323152,-0.0084206476204623688,0.56450886211134244,-0.29560007150689027,0.38617509441090103,-0.042331347743893473,-0.1199442503253675,-0.12065477471808443,-0.013285917478437772,-0.066514138983602353,-0.0658625050559949,0.56236088024446806,0.10564561849404829,0.10771497016534068],[-0.35948171392792688,-0.38681411772806468,-0.042726321674968412,-0.040192746737488218,-0.17430051110426245,0.084044215718956289,-0.40594725951727817,-0.080450981060615726,0.29936589328741636,-0.12077699376506205,-0.34731098019528966,0.37817752532350574,0.4047186202648046,-0.4922232205353439,0.52463769228615253,0.517927142197711,-0.18498495482729266,1.022288856083619,0.529471868427965,0.14588167071263891,0.95177724016409615,0.68918500277682959,0.37301487273560469,1.3691354869009951,0.29429815449025792,-0.0904197195853401,-0.021196609167943716,0.490439699606885,0.78343194912314762,-0.027627196493596223,0.21244870449677139,-0.092880437984537351,0.60050623100390577,1.1550448004952902,0.45192397695634678,0.27324987417549579,0.01349130087864454,0.084719290800531033,-0.29560007150689027,0.29541332657989777,-0.012265623560523676,-0.041955180212790988,-0.12065477471808443,0.01324852232608602,-0.012629440883025362,-0.0658625050559949,0.56159912845173221,0.56140407935210523,0.10771497016534068],[-0.35948171392792688,-0.38681411772806468,-0.042726321674968412,-0.040192746737488218,-0.17430051110426245,0.084044215718956289,-0.40594725951727817,-0.080450981060615726,0.34690670478086372,0.20074039551710229,-0.0029324105952346696,0.43530884063601955,0.4047186202648046,-0.4922232205353439,0.52463769228615253,0.517927142197711,-0.18498495482729202,1.0222888560836185,0.529471868427965,0.14588167071263891,0.964871245524916,0.68918500277682959,0.37301487273560452,1.3691354869009951,0.29429815449025792,-0.0904197195853401,-0.021196609167943716,0.490439699606885,0.78343194912314762,-0.027627196493596223,0.21244870449677139,-0.092880437984537351,0.60050623100390577,1.1550448004952902,0.45192397695634678,0.27324987417549546,0.17480803839373882,0.073891263861225853,-0.29560007150689027,0.29541332657989777,-0.11952047620201639,-0.011603179277476281,-0.042163749589173606,0.039540635095500119,0.013939847785265551,-0.011907582959556757,0.0804959099216857,0.560647414572915,0.56061862752423641],[-0.35948171392792688,-0.38681411772806468,-0.042726321674968412,-0.040192746737488218,-0.17430051110426245,0.084044215718956289,-0.40594725951727817,-0.080450981060615726,0.39162407205676736,0.145737529566929,-0.12847697672819691,0.43530884063601955,0.4047186202648046,-0.4922232205353439,0.52463769228615253,0.517927142197711,-0.18498495482729202,1.022288856083619,0.529471868427965,0.14588167071263891,0.964871245524916,0.68918500277682959,0.37301487273560469,1.3691354869009951,0.29429815449025792,-0.0904197195853401,-0.021196609167943716,0.490439699606885,0.78343194912314762,-0.027627196493596223,0.21244870449677139,-0.092880437984537351,0.60050623100390577,1.1550448004952902,0.45192397695634678,0.27324987417549546,0.33932559944160873,0.065149863288257628,-0.39124286859211943,0.29541332657989777,0.2005819034787874,-0.1199442503253675,-0.011616396419202524,0.23310433640274367,0.040266491159538884,0.0146963315242856,0.069638236219863855,0.082757025487952149,0.559866702381158],[-0.35948171392792688,-0.38681411772806468,-0.042726321674968412,-0.040192746737488218,-0.17430051110426245,0.084044215718956289,-0.40594725951727817,-0.080450981060615726,0.4004559693826471,0.35832058619818674,0.26489330603451477,0.37817752532350574,0.4047186202648046,-0.4922232205353439,0.52463769228615253,0.517927142197711,-0.18498495482729202,1.022288856083619,0.529471868427965,0.14588167071263891,0.964871245524916,0.68918500277682959,0.37301487273560469,1.3691354869009951,0.29429815449025792,-0.0904197195853401,-0.021196609167943716,0.490439699606885,0.78343194912314762,-0.027627196493596223,0.21244870449677139,-0.092880437984537351,0.60050623100390577,1.1550448004952902,0.45192397695634678,0.27324987417549546,0.41246477214852628,0.058798634299135989,-0.270596354639252,0.29541332657989777,0.14582110712116589,0.20292395941529637,-0.12065477471808443,0.4305087008660804,0.23408440831255906,0.041057284492200939,0.060872901995058383,0.071971859831037807,0.084969747915942431],[-0.35948171392792688,-0.38681411772806468,-0.042726321674968412,-0.040192746737488218,-0.17430051110426245,0.084044215718956289,-0.40594725951727817,-0.080450981060615726,0.4004559693826471,0.38360482310680383,0.35364850812358506,0.37817752532350574,0.4047186202648046,-0.4922232205353439,0.52463769228615253,0.517927142197711,-0.18498495482729202,1.022288856083619,0.529471868427965,0.14588167071263891,0.964871245524916,0.68918500277682959,0.37301487273560469,1.3691354869009951,0.29429815449025792,-0.0904197195853401,-0.021196609167943716,0.490439699606885,0.78343194912314762,-0.027627196493596223,0.21244870449677139,-0.092880437984537351,0.60050623100390577,1.1550448004952902,0.45192397695634678,0.27324987417549546,0.33932559944160873,0.058798634299135989,-0.19329156008216494,0.29541332657989777,0.3574685780695111,0.14778408527531345,